player_name,death_sr_overall,sr_vs_ra_fast,sr_vs_la_fast,sr_vs_ra_off_spin,sr_vs_ra_leg_spin,sr_vs_la_spin,sr_vs_la_chinaman
RT Ponting,196.43,196.43,196.43,196.43,196.43,196.43,196.43
MEK Hussey,171.5,170.65,171.5,200.0,171.5,200.0,171.5
JW Wilson,130.77,130.77,130.77,130.77,130.77,130.77,130.77
SB Styris,152.86,152.86,152.86,152.86,152.86,152.86,152.86
KD Mills,119.75,119.75,119.75,119.75,119.75,119.75,119.75
AJ Strauss,113.64,113.64,113.64,113.64,113.64,113.64,113.64
PD Collingwood,194.68,194.68,194.68,194.68,194.68,194.68,194.68
MV Boucher,110.0,116.22,110.0,110.0,110.0,33.33,110.0
JA Morkel,167.46,169.85,200.0,100.0,167.46,75.0,167.46
M Ntini,90.91,90.91,90.91,90.91,90.91,90.91,90.91
JDP Oram,169.59,167.68,169.59,214.29,169.59,169.59,169.59
BB McCullum,193.45,196.25,193.45,100.0,193.45,160.0,193.45
DR Martyn,212.5,212.5,212.5,212.5,212.5,212.5,212.5
A Symonds,175.47,175.47,175.47,175.47,175.47,175.47,175.47
MJ Clarke,126.19,126.19,126.19,126.19,126.19,126.19,126.19
J Botha,132.56,130.0,132.56,166.67,132.56,132.56,132.56
S Chanderpaul,140.62,140.62,140.62,140.62,140.62,140.62,140.62
DJ Bravo,148.47,144.98,236.36,148.47,148.47,100.0,148.47
D Ramdin,148.24,147.19,160.0,148.24,200.0,100.0,148.24
JEC Franklin,133.82,133.82,133.82,133.82,133.82,133.82,133.82
SE Bond,100.0,100.0,100.0,100.0,100.0,100.0,100.0
HH Gibbs,231.58,231.58,231.58,231.58,231.58,231.58,231.58
GC Smith,206.67,214.29,206.67,206.67,206.67,100.0,206.67
SM Pollock,156.0,156.0,156.0,156.0,156.0,156.0,156.0
JJ van der Wath,135.48,135.48,135.48,135.48,135.48,135.48,135.48
B Lee,186.36,186.36,186.36,186.36,186.36,186.36,186.36
GB Hogg,95.0,100.0,95.0,0.0,95.0,95.0,95.0
NW Bracken,68.18,68.18,68.18,68.18,68.18,68.18,68.18
MF Maharoof,52.0,52.0,52.0,52.0,52.0,52.0,52.0
CK Kapugedera,155.0,160.95,55.56,100.0,155.0,155.0,155.0
SL Malinga,90.07,95.83,33.33,0.0,40.0,125.0,200.0
CRD Fernando,77.27,80.95,77.27,77.27,77.27,0.0,77.27
JWM Dalrymple,86.36,86.36,86.36,86.36,86.36,86.36,86.36
GO Jones,127.27,127.27,127.27,127.27,127.27,127.27,127.27
ME Trescothick,208.33,208.33,208.33,208.33,208.33,208.33,208.33
TT Bresnan,139.29,143.93,40.0,139.29,139.29,139.29,139.29
MH Yardy,142.5,142.5,142.5,142.5,142.5,142.5,142.5
CMW Read,118.18,118.18,118.18,118.18,118.18,118.18,118.18
Mohammad Hafeez,170.83,171.84,150.0,170.83,50.0,250.0,170.83
Abdul Razzaq,145.05,145.76,120.0,145.05,145.05,145.05,145.05
RJ Peterson,112.12,103.57,240.0,80.0,112.12,112.12,112.12
KD Karthik,163.89,163.05,233.33,163.89,163.89,163.89,163.89
SK Raina,158.45,159.18,50.0,158.45,158.45,158.45,158.45
NJ Astle,160.0,160.0,160.0,160.0,160.0,160.0,160.0
PD McGlashan,123.53,123.53,123.53,123.53,123.53,123.53,123.53
MR Gillespie,67.86,67.86,67.86,67.86,67.86,67.86,67.86
CL White,180.45,180.45,180.45,180.45,180.45,180.45,180.45
PA Nixon,160.0,160.0,160.0,160.0,160.0,160.0,160.0
MN Samuels,148.76,148.65,133.33,148.76,50.0,175.0,166.67
DR Smith,204.35,195.24,204.35,204.35,204.35,300.0,204.35
RS Morton,103.45,103.45,103.45,103.45,103.45,103.45,103.45
DJG Sammy,153.82,151.86,230.77,153.82,153.82,80.0,153.82
R Rampaul,54.55,54.55,54.55,54.55,54.55,54.55,54.55
SCJ Broad,110.1,116.48,37.5,110.1,110.1,110.1,110.1
T Mishra,133.33,133.33,133.33,133.33,133.33,133.33,133.33
CO Obuya,154.26,154.26,154.26,154.26,154.26,154.26,154.26
JK Kamande,78.26,78.26,78.26,78.26,78.26,78.26,78.26
RL Bhudia,100.0,100.0,100.0,100.0,100.0,100.0,100.0
LN Onyango,73.33,73.33,73.33,73.33,73.33,73.33,73.33
Alok Kapali,60.0,60.0,60.0,60.0,60.0,60.0,60.0
Mahmudullah,138.91,142.55,77.27,140.0,127.27,70.0,138.91
Mashrafe Mortaza,124.14,126.63,124.14,50.0,124.14,0.0,124.14
Shahid Afridi,152.83,154.9,142.86,100.0,152.83,153.33,152.83
Younis Khan,152.63,152.63,152.63,152.63,152.63,152.63,152.63
Misbah-ul-Haq,136.06,136.26,136.06,136.06,136.06,128.57,136.06
Kamran Akmal,136.84,140.66,0.0,136.84,136.84,66.67,136.84
Yasir Arafat,134.04,139.53,134.04,75.0,134.04,134.04,134.04
Shoaib Akhtar,131.25,131.25,131.25,131.25,131.25,131.25,131.25
Farhad Reza,92.68,92.68,92.68,92.68,92.68,92.68,92.68
Mushfiqur Rahim,152.7,155.39,100.0,152.7,133.33,125.0,152.7
HA Varaiya,69.05,69.05,69.05,69.05,69.05,69.05,69.05
PJ Ongondo,135.71,135.71,135.71,135.71,135.71,135.71,135.71
CH Gayle,183.53,173.33,233.33,183.53,183.53,300.0,233.33
RR Sarwan,114.63,118.92,114.63,114.63,114.63,75.0,114.63
JM Kemp,192.59,195.83,192.59,192.59,192.59,166.67,192.59
BJ Haddin,126.83,127.16,126.83,100.0,126.83,126.83,126.83
BJ Hodge,128.26,133.33,128.26,75.0,128.26,128.26,128.26
MG Johnson,121.35,121.35,121.35,121.35,121.35,121.35,121.35
H Masakadza,121.7,123.71,121.7,121.7,121.7,100.0,121.7
BRM Taylor,148.78,148.78,148.78,148.78,148.78,148.78,148.78
E Chigumbura,164.29,159.4,164.29,400.0,325.0,100.0,164.29
RM Haq,64.0,64.0,64.0,64.0,64.0,64.0,64.0
JD Nel,130.0,130.0,130.0,130.0,130.0,130.0,130.0
Aftab Ahmed,140.0,140.0,140.0,140.0,140.0,140.0,140.0
Shakib Al Hasan,141.62,142.34,77.78,141.62,0.0,300.0,141.62
OA Shah,164.94,168.0,164.94,164.94,164.94,50.0,164.94
A Flintoff,125.0,125.0,125.0,125.0,125.0,125.0,125.0
AD Mascarenhas,156.92,160.0,156.92,156.92,156.92,120.0,156.92
CP Schofield,114.29,114.29,114.29,114.29,114.29,114.29,114.29
P Utseya,82.95,84.81,82.95,66.67,82.95,66.67,82.95
IK Pathan,175.93,175.93,175.93,175.93,175.93,175.93,175.93
MS Dhoni,144.77,146.3,160.0,144.77,50.0,75.0,60.0
Harbhajan Singh,130.77,130.77,130.77,130.77,130.77,130.77,130.77
AB Agarkar,136.36,136.36,136.36,136.36,136.36,136.36,136.36
S Sreesanth,142.86,142.86,142.86,142.86,142.86,142.86,142.86
DPMD Jayawardene,155.17,155.24,150.0,155.17,155.17,155.17,155.17
LPC Silva,107.69,107.69,107.69,107.69,107.69,107.69,107.69
TM Dilshan,172.96,173.72,172.96,172.96,172.96,133.33,172.96
J Mubarak,160.24,163.75,160.24,160.24,160.24,66.67,160.24
AA Obanda,96.97,96.97,96.97,96.97,96.97,96.97,96.97
LRPL Taylor,146.71,148.87,188.89,37.5,91.67,161.54,146.71
DL Vettori,111.3,111.3,111.3,111.3,111.3,111.3,111.3
ST Jayasuriya,90.91,90.91,90.91,90.91,90.91,90.91,90.91
Abdur Razzak,52.83,52.83,52.83,52.83,52.83,52.83,52.83
AB de Villiers,169.79,175.86,169.79,0.0,66.67,138.46,169.79
CD McMillan,237.5,237.5,237.5,237.5,237.5,237.5,237.5
JS Patel,64.29,64.29,64.29,64.29,64.29,64.29,64.29
VD Philander,50.0,50.0,50.0,50.0,50.0,50.0,50.0
Shoaib Malik,163.81,161.93,137.5,133.33,240.0,211.76,220.0
WPUJC Vaas,80.77,80.77,80.77,80.77,80.77,80.77,80.77
LJ Wright,161.26,161.26,161.26,161.26,161.26,161.26,161.26
NL McCullum,107.28,110.1,107.28,37.5,107.28,107.28,107.28
G Gambhir,102.94,106.25,102.94,102.94,102.94,50.0,102.94
RV Uthappa,117.65,117.65,117.65,117.65,117.65,117.65,117.65
Yuvraj Singh,170.98,176.7,150.0,20.0,170.98,120.0,170.98
RG Sharma,184.53,185.96,216.67,100.0,66.67,184.53,184.53
M Morkel,122.22,122.22,122.22,122.22,122.22,122.22,122.22
Salman Butt,131.25,133.33,131.25,131.25,131.25,120.0,131.25
Imran Nazir,180.0,180.0,180.0,180.0,180.0,180.0,180.0
Sohail Tanvir,112.41,115.32,112.41,57.14,112.41,116.67,112.41
Umar Gul,112.9,116.81,112.9,20.0,112.9,112.9,112.9
AC Voges,122.22,122.22,122.22,122.22,122.22,122.22,122.22
JE Taylor,127.78,122.86,127.78,127.78,127.78,300.0,127.78
GP Swann,120.24,120.24,120.24,120.24,120.24,120.24,120.24
TG Southee,114.63,113.89,107.69,114.63,200.0,114.63,114.63
Fawad Alam,138.82,138.82,138.82,138.82,138.82,138.82,138.82
DR Flynn,135.71,135.71,135.71,135.71,135.71,135.71,135.71
KP Pietersen,124.62,124.62,124.62,124.62,124.62,124.62,124.62
SD Outerbridge,130.77,130.77,130.77,130.77,130.77,130.77,130.77
RJ Trott,32.26,32.26,32.26,32.26,32.26,32.26,32.26
GH O'Brien,80.65,80.65,80.65,80.65,80.65,80.65,80.65
NS Poonia,94.74,94.74,94.74,94.74,94.74,94.74,94.74
GM Hamilton,70.0,70.0,70.0,70.0,70.0,70.0,70.0
GD Drummond,46.67,46.67,46.67,46.67,46.67,46.67,46.67
RD Berrington,161.64,161.9,112.5,161.64,266.67,161.64,161.64
RN ten Doeschate,155.83,155.93,155.83,155.83,150.0,155.83,155.83
DLS van Bunge,70.59,46.15,70.59,70.59,150.0,70.59,70.59
PW Borren,151.92,148.98,151.92,151.92,151.92,200.0,151.92
DT Johnston,132.81,137.7,0.0,50.0,132.81,132.81,132.81
KJ O'Brien,175.29,174.7,175.29,0.0,175.29,266.67,175.29
K Weeraratne,113.33,113.33,113.33,113.33,113.33,113.33,113.33
KMDN Kulasekara,110.65,109.93,110.65,66.67,110.65,166.67,110.65
SE Findlay,118.18,118.18,118.18,118.18,118.18,118.18,118.18
KA Pollard,161.86,162.95,153.33,161.86,120.0,140.0,160.0
CS Baugh,83.33,83.33,83.33,83.33,83.33,83.33,83.33
FH Edwards,78.57,78.57,78.57,78.57,78.57,78.57,78.57
SJ Benn,87.8,87.8,87.8,87.8,87.8,87.8,87.8
JR Hopes,126.83,126.83,126.83,126.83,126.83,126.83,126.83
L Ronchi,142.96,138.66,142.96,177.78,142.96,120.0,142.96
BW Hilfenhaus,20.0,20.0,20.0,20.0,20.0,20.0,20.0
SW Tait,73.33,73.33,73.33,73.33,73.33,73.33,73.33
JP Duminy,171.96,175.14,33.33,125.0,100.0,171.96,171.96
DW Steyn,79.17,79.17,79.17,79.17,79.17,79.17,79.17
RA Jadeja,143.93,144.59,161.54,143.93,143.93,143.93,50.0
YK Pathan,145.12,145.12,145.12,145.12,145.12,145.12,145.12
DJ Hussey,179.39,181.4,179.39,50.0,179.39,179.39,179.39
MC Henriques,139.13,129.31,139.13,139.13,190.91,139.13,139.13
GD Elliott,129.87,130.0,129.87,129.87,129.87,128.57,129.87
A Khan,88.89,88.89,88.89,88.89,88.89,88.89,88.89
LMP Simmons,136.73,132.14,136.73,136.73,136.73,164.29,136.73
RE van der Merwe,154.59,154.59,154.59,154.59,154.59,154.59,154.59
MJ North,90.0,90.0,90.0,90.0,90.0,90.0,90.0
EJG Morgan,174.42,175.68,184.62,77.78,125.0,260.0,174.42
JS Foster,128.57,128.57,128.57,128.57,128.57,128.57,128.57
Raqibul Hasan,107.14,107.14,107.14,107.14,107.14,107.14,107.14
Naeem Islam,114.63,114.63,114.63,114.63,114.63,114.63,114.63
DA Warner,113.08,113.08,113.08,113.08,113.08,113.08,113.08
CS MacLeod,150.29,150.87,150.29,100.0,150.29,150.29,150.29
JF Mooney,133.73,131.25,133.73,133.73,133.73,200.0,133.73
KC Sangakkara,154.66,153.59,154.66,175.0,154.66,154.66,154.66
DP Nannes,121.43,121.43,121.43,121.43,121.43,121.43,121.43
J Smits,66.67,66.67,66.67,66.67,66.67,66.67,66.67
PM Seelaar,127.78,127.78,127.78,127.78,127.78,127.78,127.78
AR White,131.43,131.43,131.43,131.43,131.43,131.43,131.43
AR Cusack,141.67,142.86,100.0,141.67,141.67,141.67,141.67
WK McCallan,84.62,84.62,84.62,84.62,84.62,84.62,84.62
MJ Guptill,185.47,185.47,185.47,185.47,185.47,185.47,185.47
AU Rashid,83.43,76.16,166.67,83.43,100.0,83.43,0.0
JH Kallis,154.29,143.75,154.29,154.29,154.29,266.67,154.29
IG Butler,45.45,45.45,45.45,45.45,45.45,45.45,45.45
AD Mathews,159.38,161.25,214.29,85.71,159.38,66.67,159.38
BAW Mendis,57.14,57.14,57.14,57.14,57.14,57.14,57.14
WB Rankin,80.77,82.35,80.77,80.77,80.77,80.77,0.0
RS Bopara,150.0,152.69,150.0,85.71,150.0,150.0,150.0
Z Khan,130.0,130.0,130.0,130.0,130.0,130.0,130.0
Nazmul Hossain,20.0,20.0,20.0,20.0,20.0,20.0,20.0
Rubel Hossain,62.96,61.54,100.0,62.96,62.96,62.96,62.96
HMCM Bandara,84.62,84.62,84.62,84.62,84.62,84.62,84.62
Mohammad Amir,86.67,91.94,140.0,50.0,86.67,0.0,86.67
Umar Akmal,145.99,149.04,200.0,77.78,145.99,28.57,145.99
MJ Prior,100.0,100.0,100.0,100.0,100.0,100.0,100.0
R McLaren,69.23,69.23,69.23,69.23,69.23,69.23,69.23
A Nehra,75.0,75.0,75.0,75.0,75.0,75.0,75.0
AB Dinda,100.0,100.0,100.0,100.0,100.0,100.0,100.0
CU Jayasinghe,94.12,94.12,94.12,94.12,94.12,94.12,94.12
Shafiul Islam,66.67,65.0,66.67,66.67,100.0,66.67,66.67
Saeed Ajmal,98.85,101.18,0.0,0.0,98.85,98.85,98.85
A Bagai,110.53,110.53,110.53,110.53,110.53,110.53,110.53
IS Billcliff,128.57,128.57,128.57,128.57,128.57,128.57,128.57
U Bhatti,135.71,135.71,135.71,135.71,135.71,135.71,135.71
Khurram Chohan,100.0,100.0,100.0,100.0,100.0,100.0,100.0
HS Baidwan,137.5,137.5,137.5,137.5,137.5,137.5,137.5
B Zuiderent,113.33,113.33,113.33,113.33,113.33,113.33,113.33
GC Wilson,147.31,146.84,147.31,66.67,147.31,200.0,147.31
Sarfraz Ahmed,132.67,138.2,133.33,80.0,132.67,75.0,132.67
SPD Smith,145.74,145.61,145.74,87.5,216.67,166.67,145.74
NO Miller,90.24,90.24,90.24,90.24,90.24,90.24,90.24
N Deonarine,121.74,121.74,121.74,121.74,121.74,121.74,121.74
GJ Hopkins,86.67,86.67,86.67,86.67,86.67,86.67,86.67
AG Cremer,73.77,72.88,73.77,73.77,100.0,73.77,73.77
SW Masakadza,84.21,81.25,84.21,84.21,84.21,100.0,84.21
GH Dockrell,144.33,142.37,333.33,50.0,144.33,144.33,266.67
LD Chandimal,148.91,141.03,240.0,185.71,100.0,148.91,148.91
SR Watson,196.72,187.76,196.72,200.0,196.72,250.0,196.72
Mohammad Sami,90.48,81.25,90.48,120.0,90.48,90.48,90.48
RW Price,69.23,69.23,69.23,69.23,69.23,69.23,69.23
ADS Fletcher,123.68,119.44,200.0,123.68,123.68,123.68,123.68
Abdur Rehman,72.73,72.73,72.73,72.73,72.73,72.73,72.73
NLTC Perera,165.16,169.46,91.67,118.18,165.16,133.33,165.16
Khalid Latif,141.67,166.67,141.67,141.67,66.67,141.67,141.67
DA Miller,164.96,165.2,172.22,180.0,157.14,100.0,164.96
CR Ervine,134.55,135.78,134.55,0.0,134.55,134.55,134.55
CB Mpofu,93.94,93.94,93.94,93.94,93.94,93.94,93.94
T Taibu,157.58,156.67,157.58,166.67,157.58,157.58,157.58
CK Coventry,181.82,138.89,181.82,375.0,181.82,181.82,181.82
TD Paine,115.79,133.33,115.79,115.79,115.79,115.79,50.0
SNJ O'Keefe,128.0,128.0,128.0,128.0,128.0,128.0,128.0
Zulqarnain Haider,87.5,87.5,87.5,87.5,87.5,87.5,87.5
CA Ingram,193.1,193.1,193.1,193.1,193.1,193.1,193.1
JW Hastings,130.0,145.83,130.0,50.0,130.0,75.0,130.0
CJ McKay,79.17,80.0,79.17,75.0,79.17,79.17,79.17
Wahab Riaz,149.46,152.22,66.67,149.46,149.46,149.46,149.46
AF Milne,104.62,98.18,140.0,104.62,104.62,104.62,104.62
WD Parnell,106.14,112.87,166.67,20.0,106.14,106.14,106.14
J Theron,146.15,158.33,146.15,0.0,146.15,146.15,146.15
AJ Finch,190.51,190.41,200.0,100.0,200.0,190.51,190.51
CR Woakes,128.7,129.25,128.7,128.7,128.7,100.0,128.7
DP Hyatt,116.0,116.0,116.0,116.0,116.0,116.0,116.0
CD Barnwell,171.88,142.31,171.88,300.0,171.88,171.88,171.88
AD Russell,163.56,148.12,210.34,163.56,275.0,233.33,66.67
AR Nurse,129.09,128.89,150.0,129.09,120.0,100.0,129.09
Junaid Khan,153.33,153.33,153.33,153.33,153.33,153.33,153.33
S Badrinath,158.33,158.33,158.33,158.33,158.33,158.33,158.33
DM Bravo,106.25,108.89,106.25,106.25,66.67,106.25,106.25
BMAJ Mendis,129.09,129.09,129.09,129.09,129.09,129.09,129.09
HMRKB Herath,66.67,66.67,66.67,66.67,66.67,66.67,66.67
R Ashwin,117.36,114.53,200.0,117.36,117.36,117.36,117.36
SR Patel,115.87,108.93,100.0,266.67,115.87,100.0,115.87
JW Dernbach,79.17,79.17,79.17,79.17,79.17,79.17,79.17
CR Brathwaite,155.83,156.03,155.83,155.83,0.0,0.0,300.0
Nasir Hossain,114.49,113.74,175.0,66.67,114.49,114.49,114.49
MS Wade,147.8,144.84,217.65,145.83,128.57,140.0,100.0
RW Chakabva,113.79,113.79,113.79,113.79,113.79,113.79,113.79
MR Marsh,133.33,132.43,166.67,125.0,133.33,111.11,133.33
JD Ryder,74.07,74.07,74.07,74.07,74.07,74.07,74.07
MN Waller,157.01,158.33,157.01,120.0,157.01,166.67,157.01
KM Jarvis,90.0,90.0,90.0,90.0,90.0,90.0,90.0
JM Bairstow,149.68,146.26,50.0,100.0,149.68,149.68,350.0
GJ Bailey,154.79,158.57,154.79,66.67,154.79,154.79,154.79
XJ Doherty,105.88,100.0,105.88,120.0,105.88,105.88,105.88
KS Williamson,167.31,166.48,192.86,167.31,166.67,100.0,167.31
C de Grandhomme,122.09,122.62,122.09,122.09,100.0,122.09,122.09
RG Aga,153.33,153.33,153.33,153.33,153.33,153.33,153.33
NN Odhiambo,100.0,100.0,100.0,100.0,100.0,100.0,100.0
SO Ngoche,126.85,126.85,126.85,126.85,126.85,126.85,126.85
E Otieno,43.24,43.24,43.24,43.24,43.24,43.24,43.24
JO Ngoche,18.75,18.75,18.75,18.75,18.75,18.75,18.75
DAJ Bracewell,167.24,168.52,167.24,150.0,167.24,167.24,167.24
JC Buttler,160.11,155.79,200.0,200.0,300.0,183.33,100.0
RR Patel,179.37,179.37,179.37,179.37,179.37,179.37,179.37
NM Odhiambo,156.98,156.98,156.98,156.98,156.98,156.98,156.98
PR Stirling,170.69,170.69,170.69,170.69,170.69,170.69,170.69
EC Joyce,111.11,115.69,111.11,33.33,111.11,111.11,111.11
NG Jones,112.0,100.0,100.0,160.0,112.0,112.0,112.0
AN Kervezee,93.75,93.75,93.75,93.75,93.75,93.75,93.75
Mudassar Bukhari,124.32,125.35,124.32,124.32,124.32,100.0,124.32
TN de Grooth,84.62,84.62,84.62,84.62,84.62,84.62,84.62
Junaid Siddiqui,93.33,93.33,93.33,93.33,93.33,93.33,93.33
H Osinde,73.33,73.33,73.33,73.33,73.33,73.33,73.33
KJ Coetzer,107.69,107.69,107.69,107.69,107.69,107.69,107.69
R Flannigan,117.86,117.86,117.86,117.86,117.86,117.86,117.86
CD Wallace,125.93,125.93,125.93,125.93,125.93,125.93,125.93
TG Gordon,123.08,123.08,123.08,123.08,123.08,123.08,123.08
AS Hansra,145.83,145.83,145.83,145.83,145.83,145.83,145.83
DF Watts,90.0,90.0,90.0,90.0,90.0,90.0,90.0
W Barresi,131.53,131.53,131.53,131.53,131.53,131.53,131.53
F Behardien,140.53,141.99,50.0,50.0,160.0,140.53,140.53
SP Narine,118.37,114.44,400.0,118.37,66.67,175.0,118.37
DT Christian,103.57,103.7,103.57,103.57,103.57,103.57,100.0
HDRL Thirimanne,120.75,127.08,0.0,100.0,120.75,120.75,120.75
Ahmed Shehzad,203.23,208.47,203.23,203.23,203.23,100.0,203.23
SMSM Senanayake,90.57,90.24,90.0,100.0,90.57,90.57,90.57
I Udana,157.98,166.36,157.98,157.98,66.67,0.0,150.0
AD Hales,164.29,170.13,164.29,100.0,164.29,164.29,100.0
TWM Latham,141.77,133.33,250.0,0.0,133.33,300.0,141.77
Ziaur Rahman,133.33,133.33,133.33,133.33,133.33,133.33,133.33
MC Sorensen,105.26,106.9,105.26,33.33,105.26,133.33,105.26
TGJ Gruijters,120.69,124.0,120.69,120.69,120.69,100.0,120.69
Tamim Iqbal,185.06,172.5,200.0,425.0,185.06,185.06,185.06
MR Swart,127.78,103.23,127.78,127.78,127.78,280.0,127.78
T van der Gugten,147.73,147.73,147.73,147.73,147.73,147.73,147.73
Ahsan Malik,109.09,109.09,109.09,109.09,109.09,109.09,109.09
V Kohli,182.11,185.45,192.31,150.0,100.0,66.67,100.0
GJ Maxwell,190.61,190.81,157.14,190.61,300.0,240.0,0.0
PJ Cummins,138.04,139.02,116.67,138.04,400.0,66.67,138.04
Raza Hasan,72.0,72.0,72.0,72.0,72.0,72.0,72.0
Nasir Jamshed,216.67,216.67,216.67,216.67,216.67,216.67,216.67
J Charles,164.29,164.29,164.29,164.29,164.29,164.29,164.29
S Badree,51.85,51.92,50.0,51.85,51.85,51.85,51.85
MA Starc,98.89,100.0,50.0,98.89,98.89,98.89,98.89
JC Tredwell,152.38,138.46,175.0,152.38,152.38,152.38,152.38
RM Hira,143.48,143.48,143.48,143.48,143.48,143.48,143.48
MJ McClenaghan,100.0,100.0,100.0,100.0,100.0,100.0,100.0
F du Plessis,169.7,175.4,169.7,169.7,169.7,50.0,169.7
C Munro,142.16,142.16,142.16,142.16,142.16,142.16,142.16
B Kumar,87.72,88.68,75.0,87.72,87.72,87.72,87.72
CJ Anderson,161.99,167.92,100.0,100.0,161.99,33.33,161.99
TA Boult,107.14,85.71,107.14,107.14,214.29,107.14,107.14
JP Faulkner,124.73,126.58,124.73,66.67,124.73,200.0,124.73
NM Coulter-Nile,135.8,133.78,166.67,100.0,135.8,135.8,135.8
CJ Chibhabha,105.26,100.0,105.26,116.67,105.26,105.26,105.26
CT Mutombodzi,106.25,109.68,106.25,106.25,106.25,0.0,106.25
Usman Limbada,171.43,171.43,171.43,171.43,171.43,171.43,171.43
Hamza Tariq,159.14,159.14,159.14,159.14,159.14,159.14,159.14
Mominul Haque,136.0,136.0,136.0,136.0,136.0,136.0,136.0
Sohag Gazi,95.12,97.44,95.12,50.0,95.12,95.12,95.12
TLW Cooper,178.48,182.43,120.0,178.48,178.48,178.48,178.48
MJG Rippon,92.86,92.86,92.86,92.86,92.86,92.86,92.86
PA van Meekeren,126.83,121.92,260.0,50.0,126.83,126.83,126.83
Sikandar Raza,182.11,190.13,166.67,60.0,182.11,46.15,182.11
T Panyangara,54.55,60.0,54.55,54.55,54.55,0.0,54.55
BA Stokes,137.06,139.75,100.0,60.0,133.33,137.06,137.06
Zulfiqar Babar,96.43,105.88,96.43,81.82,96.43,96.43,96.43
D Wiese,142.72,142.71,190.0,25.0,142.72,142.72,142.72
Anwar Ali,169.05,169.05,169.05,169.05,169.05,169.05,169.05
T Maruma,128.57,128.57,128.57,128.57,128.57,128.57,128.57
JE Root,155.29,155.29,155.29,155.29,155.29,155.29,155.29
Sohaib Maqsood,165.38,165.38,165.38,165.38,165.38,165.38,165.38
MW Machan,148.0,148.0,148.0,148.0,148.0,148.0,148.0
RML Taylor,177.42,177.42,177.42,177.42,177.42,177.42,177.42
HM Amla,145.83,145.83,145.83,145.83,145.83,145.83,145.83
ES Szwarczynski,71.43,71.43,71.43,71.43,71.43,71.43,71.43
IA Karim,135.06,135.06,135.06,135.06,135.06,135.06,135.06
MA Leask,146.88,147.71,175.0,146.88,0.0,0.0,146.88
MH Cross,122.46,122.46,122.46,122.46,122.46,122.46,122.46
SM Sharif,111.94,111.94,111.94,111.94,111.94,111.94,111.94
Bilawal Bhatti,164.29,164.29,164.29,164.29,164.29,164.29,164.29
MDKJ Perera,144.35,144.35,144.35,144.35,144.35,144.35,144.35
JDS Neesham,147.38,151.01,129.41,22.22,175.0,100.0,147.38
CA Lynn,157.14,157.14,157.14,157.14,157.14,157.14,157.14
CJ Jordan,125.1,129.41,131.82,125.1,33.33,64.29,150.0
Anamul Haque,144.83,144.83,144.83,144.83,144.83,144.83,144.83
Sabbir Rahman,139.74,142.67,139.74,139.74,66.67,139.74,139.74
Arafat Sunny,106.25,106.25,106.25,106.25,106.25,106.25,106.25
AD Poynter,151.61,162.07,151.61,0.0,151.61,151.61,151.61
TJ Murtagh,115.0,115.0,115.0,115.0,115.0,115.0,115.0
MM Ali,156.2,161.83,105.88,50.0,188.89,33.33,156.2
BE Hendricks,75.0,107.69,14.29,75.0,75.0,75.0,75.0
G Malla,173.33,173.33,173.33,173.33,173.33,173.33,173.33
P Khadka,129.79,134.09,129.79,129.79,129.79,66.67,129.79
B Bhandari,118.07,118.07,118.07,118.07,118.07,118.07,118.07
S Vesawkar,146.75,147.3,146.75,146.75,146.75,133.33,146.75
SP Gauchan,52.17,52.17,52.17,52.17,52.17,52.17,52.17
Nadeem Ahmed,71.43,71.43,71.43,71.43,71.43,71.43,71.43
Haseeb Amjad,106.06,106.06,106.06,106.06,106.06,106.06,106.06
SR Thompson,112.5,114.29,112.5,112.5,112.5,112.5,0.0
Shaiman Anwar,180.49,180.52,180.49,180.49,180.0,180.49,180.49
Rohan Mustafa,116.13,116.13,116.13,116.13,116.13,116.13,116.13
Amjad Javed,131.07,131.07,131.07,131.07,131.07,131.07,131.07
V Shetty,78.57,78.57,78.57,78.57,78.57,78.57,78.57
EHSN Silva,73.68,73.68,73.68,73.68,73.68,73.68,73.68
Kamran Shazad,116.67,116.67,116.67,116.67,116.67,116.67,116.67
BN Cooper,148.24,148.81,100.0,148.24,148.24,148.24,148.24
SC Williams,158.62,156.55,158.62,158.62,158.62,216.67,158.62
V Sibanda,171.43,171.43,171.43,171.43,171.43,171.43,171.43
Munir Dar,170.0,170.0,170.0,170.0,170.0,170.0,170.0
Nizakat Khan,133.14,133.94,133.14,100.0,133.14,133.14,133.14
Tanwir Afzal,134.62,134.62,134.62,134.62,134.62,134.62,134.62
Imran Tahir,100.0,100.0,100.0,100.0,100.0,100.0,100.0
S Prasanna,131.96,130.34,100.0,133.33,131.96,131.96,200.0
Q de Kock,142.11,145.71,100.0,142.11,142.11,100.0,142.11
KJ Abbott,116.67,125.0,116.67,116.67,50.0,116.67,116.67
RR Hendricks,164.29,171.43,85.71,164.29,164.29,164.29,164.29
SA Abbott,100.0,102.08,0.0,100.0,100.0,100.0,100.0
Sompal Kami,128.72,126.94,600.0,128.72,128.72,0.0,128.72
Aizaz Khan,150.35,149.82,150.35,50.0,220.0,150.35,150.35
Anas Khan,119.51,119.51,119.51,119.51,119.51,119.51,119.51
RR Rossouw,173.96,167.86,173.96,173.96,173.96,216.67,173.96
MN van Wyk,244.44,244.44,244.44,244.44,244.44,244.44,244.44
SS Cottrell,57.14,55.0,57.14,57.14,57.14,100.0,57.14
Haris Sohail,122.22,130.77,142.86,122.22,122.22,85.71,122.22
R Mutumbami,125.0,125.0,125.0,125.0,125.0,125.0,125.0
Mohammad Rizwan,161.59,162.87,118.18,161.59,200.0,166.67,100.0
Imad Wasim,148.77,145.86,176.47,148.77,160.0,148.77,148.77
TE Kane,142.11,142.11,142.11,142.11,142.11,142.11,142.11
PL Mommsen,159.57,159.57,159.57,159.57,159.57,159.57,159.57
SW Billings,163.12,174.05,16.67,163.12,163.12,25.0,163.12
DJ Willey,133.58,133.33,100.0,33.33,133.58,100.0,350.0
Karan KC,168.91,169.92,50.0,168.91,168.91,168.91,168.91
SJ Myburgh,137.5,137.5,137.5,137.5,137.5,137.5,137.5
MP O'Dowd,141.82,144.08,141.82,115.38,141.82,141.82,141.82
PS Airee,180.0,180.0,180.0,180.0,180.0,180.0,180.0
Liton Das,131.75,136.07,131.75,0.0,0.0,131.75,131.75
Mustafizur Rahman,63.71,60.0,0.0,63.71,63.71,63.71,233.33
Rony Talukdar,91.67,91.67,91.67,91.67,91.67,91.67,91.67
Mohammad Naveed,129.0,129.0,129.0,129.0,129.0,129.0,129.0
AC Evans,76.92,76.92,76.92,76.92,76.92,76.92,76.92
MRJ Watt,123.39,119.75,123.39,140.0,200.0,160.0,123.39
Abdul Shakoor,104.17,104.17,104.17,104.17,104.17,104.17,104.17
WTS Porterfield,96.43,96.43,96.43,96.43,96.43,96.43,96.43
JB Reva,61.54,61.54,61.54,61.54,61.54,61.54,61.54
JNT Vare,115.79,115.79,115.79,115.79,115.79,115.79,115.79
N Vanua,137.5,140.11,40.0,137.5,137.5,137.5,137.5
KD Shah,131.34,130.95,131.34,183.33,0.0,131.34,131.34
Babar Hayat,192.27,192.13,192.27,192.27,200.0,192.27,192.27
MS Chapman,150.0,145.8,169.7,150.0,220.0,150.0,150.0
SW Poynter,107.14,107.69,107.14,107.14,107.14,107.14,100.0
MK Pandey,145.5,146.6,145.5,145.5,145.5,145.5,100.0
KM Jadhav,148.15,148.15,148.15,148.15,148.15,148.15,148.15
N Madziva,110.42,110.42,110.42,110.42,110.42,110.42,110.42
SV Samson,129.49,129.49,129.49,129.49,129.49,129.49,129.49
AR Patel,129.76,131.62,100.0,111.11,66.67,100.0,129.76
CA Young,75.53,81.4,16.67,75.53,75.53,75.53,0.0
TAM Siriwardana,114.29,128.3,0.0,50.0,114.29,114.29,114.29
B Fernando,94.74,83.87,100.0,94.74,150.0,94.74,94.74
MD Shanaka,143.38,149.66,117.86,30.0,71.43,100.0,116.67
AM Phangiso,80.0,80.0,80.0,80.0,80.0,80.0,80.0
K Rabada,115.27,114.53,145.45,115.27,33.33,115.27,115.27
MP Stoinis,161.72,159.84,136.84,261.54,233.33,100.0,33.33
LM Jongwe,144.78,144.78,144.78,144.78,144.78,144.78,144.78
GSNFG Jayasuriya,127.08,133.33,50.0,0.0,133.33,127.08,127.08
PVD Chameera,80.0,80.21,33.33,100.0,100.0,100.0,66.67
TS Chisoro,89.29,89.29,89.29,89.29,89.29,89.29,89.29
Zeeshan Siddiqui,87.5,87.5,87.5,87.5,87.5,87.5,87.5
Aamir Kaleem,140.85,140.3,166.67,140.85,140.85,140.85,100.0
Amir Ali,158.33,158.33,158.33,158.33,158.33,158.33,158.33
Sultan Ahmed,97.67,97.67,97.67,97.67,97.67,97.67,97.67
C Carter,109.68,109.68,109.68,109.68,109.68,109.68,109.68
LE Plunkett,123.53,131.25,0.0,0.0,123.53,123.53,123.53
RAS Lakmal,63.64,66.67,50.0,63.64,63.64,63.64,63.64
JDF Vandersay,85.19,84.62,100.0,85.19,85.19,85.19,85.19
MJ Henry,114.29,117.65,100.0,114.29,100.0,114.29,114.29
PJ Moor,158.33,158.33,158.33,158.33,158.33,158.33,158.33
WP Masakadza,106.17,101.28,106.17,0.0,106.17,280.0,106.17
Nurul Hasan,131.51,133.33,141.67,131.51,81.82,125.0,131.51
Muktar Ali,123.08,123.08,123.08,123.08,123.08,123.08,123.08
MJ Santner,148.95,154.87,91.67,125.0,100.0,150.0,66.67
Abu Hider,100.0,100.0,100.0,100.0,100.0,100.0,100.0
Taskin Ahmed,97.13,109.15,30.77,50.0,97.13,60.0,42.86
BTJ Wheal,100.0,100.0,100.0,100.0,100.0,100.0,100.0
Waqas Barkat,104.55,104.55,104.55,104.55,104.55,104.55,104.55
AJ Tye,101.39,92.19,120.0,101.39,266.67,101.39,101.39
TM Head,165.93,176.92,137.5,50.0,50.0,0.0,165.93
Qadeer Ahmed,63.64,63.64,63.64,63.64,63.64,63.64,63.64
JH Davey,140.0,140.0,140.0,140.0,140.0,140.0,140.0
CJA Amini,176.6,176.6,176.6,176.6,176.6,176.6,176.6
H Hiri,155.32,153.33,200.0,155.32,155.32,155.32,155.32
CA Soper,94.62,94.62,94.62,94.62,94.62,94.62,94.62
AR McBrine,131.71,131.71,131.71,131.71,131.71,131.71,131.71
HH Pandya,164.02,166.52,121.43,100.0,81.82,172.73,100.0
CAK Rajitha,54.35,56.76,50.0,54.35,0.0,66.67,54.35
Fahad Tariq,92.86,92.86,92.86,92.86,92.86,92.86,92.86
SP Patil,59.09,59.09,59.09,59.09,59.09,59.09,59.09
A Balbirnie,116.87,117.11,114.29,116.87,116.87,116.87,116.87
Mehran Khan,132.85,133.09,132.85,132.85,100.0,132.85,132.85
Waqas Khan,98.08,98.08,98.08,98.08,98.08,98.08,98.08
CH Morris,120.78,115.94,162.5,120.78,120.78,120.78,120.78
Mohammad Shahzad,112.5,112.5,112.5,112.5,112.5,112.5,112.5
RJW Topley,85.0,93.33,60.0,85.0,85.0,85.0,85.0
Ahmed Raza,113.89,117.65,113.89,113.89,113.89,50.0,113.89
Muhammad Usman,155.7,155.7,155.7,155.7,155.7,155.7,155.7
A Zampa,77.63,75.0,90.91,77.63,77.63,100.0,77.63
DT Tiripano,109.84,109.84,109.84,109.84,109.84,109.84,109.84
JJ Atkinson,181.08,181.08,181.08,181.08,181.08,181.08,181.08
Anshuman Rath,162.2,162.2,162.2,162.2,162.2,162.2,162.2
LV van Beek,102.7,103.03,100.0,102.7,102.7,100.0,102.7
Jatinder Singh,160.0,160.0,160.0,160.0,160.0,160.0,160.0
JJ Bumrah,66.67,84.62,50.0,66.67,66.67,0.0,66.67
AC Agar,113.76,107.0,113.76,113.76,100.0,200.0,113.76
Soumya Sarkar,166.67,177.5,85.71,166.67,166.67,200.0,166.67
N Pradeep,66.67,60.0,100.0,66.67,50.0,66.67,66.67
E Lewis,236.36,236.36,236.36,236.36,236.36,250.0,200.0
KL Rahul,169.62,164.94,169.62,169.62,169.62,169.62,350.0
SS Pathirana,113.33,113.33,113.33,113.33,113.33,113.33,113.33
DM de Silva,125.35,125.0,57.14,125.35,125.35,125.35,187.5
Ehsan Khan,120.97,120.97,120.97,120.97,120.97,120.97,120.97
Shahid Wasif,97.96,97.96,97.96,97.96,97.96,97.96,97.96
GJ Thompson,88.89,88.89,88.89,88.89,88.89,88.89,88.89
L Tucker,143.98,137.09,200.0,143.98,100.0,143.98,280.0
J Little,84.03,79.65,166.67,84.03,84.03,84.03,166.67
N Pooran,182.13,178.42,211.11,182.13,222.73,257.14,42.86
Mosaddek Hossain,121.74,127.05,75.0,121.74,50.0,125.0,121.74
TC Bruce,140.74,143.75,140.74,140.74,140.74,116.67,140.74
Naseem Khushi,155.37,158.47,155.37,155.37,155.37,33.33,155.37
Khurram Nawaz,114.29,114.29,114.29,114.29,114.29,114.29,114.29
Tanveer Ahmed,70.0,70.0,70.0,70.0,70.0,70.0,70.0
Mohammad Nadeem,137.77,137.97,137.77,137.77,137.77,100.0,137.77
Kaleemullah,101.1,101.11,101.1,101.1,101.1,100.0,101.1
Bilal Khan,54.17,54.17,54.17,54.17,54.17,54.17,54.17
L Ngidi,85.45,88.24,33.33,85.45,85.45,85.45,100.0
DAS Gunaratne,174.47,174.47,174.47,174.47,174.47,174.47,174.47
M Mosehle,200.0,200.0,200.0,200.0,200.0,200.0,200.0
N Dickwella,126.67,126.67,126.67,126.67,126.67,126.67,126.67
BKG Mendis,127.14,128.36,127.14,127.14,100.0,127.14,127.14
RR Pant,144.1,148.88,12.5,166.67,144.1,144.1,144.1
AJ Turner,87.01,89.19,87.01,87.01,87.01,33.33,87.01
JA Richardson,102.7,100.0,57.14,102.7,102.7,300.0,102.7
JRMVB Sanjaya,111.11,111.11,111.11,111.11,111.11,111.11,111.11
JO Holder,158.44,155.4,176.47,158.44,184.62,158.44,158.44
Shadab Khan,163.77,165.12,163.77,140.0,146.15,163.77,163.77
Hasan Ali,156.18,164.56,150.0,0.0,156.18,100.0,156.18
Babar Azam,154.02,154.42,157.14,100.0,300.0,200.0,154.02
Fakhar Zaman,164.33,160.39,311.11,75.0,75.0,164.33,164.33
Mehedi Hasan Miraz,110.71,112.86,66.67,133.33,100.0,110.71,110.71
Mohammad Saifuddin,144.17,144.92,100.0,144.17,144.17,144.17,144.17
MD Dai,100.0,100.0,100.0,100.0,100.0,100.0,100.0
Ghulam Shabber,158.62,160.71,158.62,158.62,100.0,158.62,158.62
Rameez Shahzad,96.88,96.88,96.88,96.88,96.88,96.88,96.88
A Nao,128.85,132.0,50.0,128.85,128.85,128.85,128.85
S Bau,119.59,119.59,119.59,119.59,119.59,119.59,119.59
AL Phehlukwayo,119.0,110.11,190.91,119.0,119.0,119.0,119.0
LS Livingstone,168.98,169.35,183.33,168.98,166.67,100.0,168.98
LA Dawson,203.85,186.96,333.33,203.85,203.85,203.85,203.85
TK Curran,108.7,109.52,100.0,108.7,108.7,108.7,108.7
M Aboagye,93.88,93.88,93.88,93.88,93.88,93.88,93.88
IKO Aboagye,63.64,63.64,63.64,63.64,63.64,63.64,63.64
DK Anefie,152.86,152.86,152.86,152.86,152.86,152.86,152.86
LB Ferbrache,93.42,93.42,93.42,93.42,93.42,93.42,93.42
LC Le Tissier,116.67,116.67,116.67,116.67,116.67,116.67,116.67
ACF Stokes,56.76,56.76,56.76,56.76,56.76,56.76,56.76
W Peatfield,116.67,116.67,116.67,116.67,116.67,116.67,116.67
Amir Mangal,100.0,91.67,100.0,100.0,100.0,100.0,133.33
JE Dunford,137.21,137.21,137.21,137.21,137.21,137.21,137.21
AW Hawkins-Kay,79.59,79.59,79.59,79.59,79.59,79.59,79.59
CW Perchard,112.0,112.0,112.0,112.0,112.0,112.0,112.0
EJB Miles,76.92,76.92,76.92,76.92,76.92,76.92,76.92
SA Ahmad,133.87,133.87,133.87,133.87,133.87,133.87,133.87
Abdul Hashim,84.38,84.38,84.38,84.38,84.38,84.38,84.38
OD Hald,133.75,133.75,133.75,133.75,133.75,133.75,133.75
J Jojo,143.33,143.33,143.33,143.33,143.33,143.33,143.33
Anique Uddin,106.06,106.06,106.06,106.06,106.06,106.06,106.06
Rizwan Mahmood,145.28,145.28,145.28,145.28,145.28,145.28,145.28
Zishan Shah,91.67,91.67,91.67,91.67,91.67,91.67,91.67
Abdullah Sheikh,90.91,90.91,90.91,90.91,90.91,90.91,90.91
S Waqas Ahmed,120.0,120.0,120.0,120.0,120.0,120.0,120.0
Junaid Sheikh,95.0,95.0,95.0,95.0,95.0,95.0,95.0
P Bhart,17.65,17.65,17.65,17.65,17.65,17.65,17.65
GRD Munasinghe,10.0,10.0,10.0,10.0,10.0,10.0,10.0
Baljit Singh,54.17,54.17,54.17,54.17,54.17,54.17,54.17
DR Hooper,97.87,97.87,97.87,97.87,97.87,97.87,97.87
JW Jenner,150.47,150.47,150.47,150.47,150.47,150.47,150.47
DG Blampied,113.51,113.51,113.51,113.51,113.51,113.51,113.51
B Ward,166.5,166.5,166.5,166.5,166.5,166.5,166.5
Khizer Ahmed,109.09,109.09,109.09,109.09,109.09,109.09,109.09
J Sumerauer,152.85,152.85,152.85,152.85,152.85,152.85,152.85
Jaspreet Singh,131.03,131.03,131.03,131.03,131.03,131.03,131.03
Rakibul Hasan,146.15,146.15,146.15,146.15,146.15,146.15,146.15
Delawar Khan,142.98,142.98,142.98,142.98,142.98,142.98,142.98
ND Laegsgaard,163.33,163.33,163.33,163.33,163.33,163.33,163.33
OE Newey,106.67,106.67,106.67,106.67,106.67,106.67,106.67
T Bharaj,154.17,154.17,154.17,154.17,154.17,154.17,154.17
Hassan Rasheed,117.65,117.65,117.65,117.65,117.65,117.65,117.65
MNR Cooray,177.78,177.78,177.78,177.78,177.78,177.78,177.78
WJ Malinda,100.0,100.0,100.0,100.0,100.0,100.0,100.0
Ameel Mauroof,73.24,73.24,73.24,73.24,73.24,73.24,73.24
Z Hoque,92.86,92.86,92.86,92.86,92.86,92.86,92.86
N Pathan,161.9,161.9,161.9,161.9,161.9,161.9,161.9
S Hongsi,168.75,168.75,168.75,168.75,168.75,168.75,168.75
Ahmed Faiz,152.36,152.36,152.36,152.36,152.36,152.36,152.36
Aminuddin Ramly,167.86,167.86,167.86,167.86,167.86,167.86,167.86
S Muniandy,145.98,145.98,145.98,145.98,145.98,145.98,145.98
M Syahadat Ramli,142.27,142.27,142.27,142.27,142.27,142.27,142.27
Anwar Rahman,37.04,37.04,37.04,37.04,37.04,37.04,37.04
Pavandeep Singh,53.97,53.97,53.97,53.97,53.97,53.97,53.97
Fitri Sham,92.59,92.59,92.59,92.59,92.59,92.59,92.59
MR Adair,139.49,142.28,100.0,139.49,139.49,100.0,50.0
SC Getkate,135.59,135.59,135.59,135.59,135.59,135.59,135.59
GJ Delany,153.48,147.93,300.0,100.0,133.33,153.48,153.48
Manpreet Singh,152.44,152.44,152.44,152.44,152.44,152.44,152.44
TH David,191.16,194.76,153.33,191.16,0.0,100.0,200.0
Janak Prakash,144.15,144.15,144.15,144.15,144.15,144.15,144.15
A Krishna,116.67,116.67,116.67,116.67,116.67,116.67,116.67
AE Paraam,217.31,217.31,217.31,217.31,217.31,217.31,217.31
Mohammad Rizlan,83.33,83.33,83.33,83.33,83.33,83.33,83.33
Tamoor Sajjad,134.38,134.38,134.38,134.38,134.38,134.38,134.38
Zaheer Ibrahim,100.0,100.0,100.0,100.0,100.0,100.0,100.0
Mohammed Awais,71.43,71.43,71.43,71.43,71.43,71.43,71.43
Iqbal Hussain,124.24,124.24,124.24,124.24,124.24,124.24,124.24
Bilal Tahir,145.67,145.67,145.67,145.67,145.67,145.67,145.67
Muhammad Kashif,194.74,194.74,194.74,194.74,194.74,194.74,194.74
MNM Aslam,136.42,136.42,136.42,136.42,136.42,136.42,136.42
Mohammad Ahsan,100.0,100.0,100.0,100.0,100.0,100.0,100.0
Ilyas Ahmed,107.14,107.14,107.14,107.14,107.14,107.14,107.14
DS Airee,194.77,195.22,194.77,194.77,194.77,194.77,0.0
S Lamichhane,100.0,96.77,166.67,100.0,100.0,100.0,100.0
A Bohara,77.78,80.77,77.78,77.78,77.78,0.0,77.78
Nouman Sarwar,151.06,151.06,151.06,151.06,151.06,151.06,151.06
Usman Waheed,190.91,190.91,190.91,190.91,190.91,190.91,190.91
Shiraz Khan,119.86,119.86,119.86,119.86,119.86,119.86,119.86
RK Paudel,159.33,159.33,159.33,159.33,159.33,159.33,159.33
Virandeep Singh,164.39,164.39,164.39,164.39,164.39,164.39,164.39
Qalandar Khan,169.23,169.23,169.23,169.23,169.23,169.23,169.23
C Pengkumta,126.0,126.0,126.0,126.0,126.0,126.0,126.0
Ibrahim Hassan,86.58,86.58,86.58,86.58,86.58,86.58,86.58
KMA Paul,119.63,121.11,71.43,119.63,119.63,16.67,325.0
O Thomas,56.25,60.0,56.25,56.25,56.25,0.0,56.25
KH Pandya,145.9,145.9,145.9,145.9,145.9,145.9,145.9
Washington Sundar,132.48,134.02,116.67,137.5,150.0,50.0,132.48
SO Hetmyer,146.26,154.81,142.86,146.26,92.86,146.26,137.5
Sikander Zulfiqar,100.0,100.0,100.0,100.0,100.0,100.0,100.0
SA Edwards,147.27,147.01,147.27,266.67,147.27,75.0,147.27
VJ Kingma,56.25,56.25,56.25,56.25,56.25,56.25,56.25
Mohammad Boota,146.67,146.67,146.67,146.67,146.67,146.67,146.67
Waheed Ahmed,202.27,202.27,202.27,202.27,202.27,202.27,202.27
K Suttisan,100.0,100.0,100.0,100.0,100.0,100.0,100.0
Md Shafiqul Haque,69.23,69.23,69.23,69.23,69.23,69.23,69.23
Syed Aziz,146.1,146.1,146.1,146.1,146.1,146.1,146.1
AJ Staal,168.75,168.75,168.75,168.75,168.75,168.75,168.75
DDP D'Silva,123.53,123.53,123.53,123.53,123.53,123.53,123.53
FJ Klaassen,97.44,100.0,0.0,97.44,97.44,97.44,97.44
RP Burl,149.81,147.44,50.0,125.0,149.81,283.33,149.81
TL Chatara,46.0,46.94,46.0,0.0,46.0,46.0,46.0
OGL Bascome,92.0,92.0,92.0,92.0,92.0,92.0,92.0
DMW Rawlins,200.0,200.0,200.0,200.0,200.0,200.0,200.0
MO Jones,100.0,100.0,100.0,100.0,100.0,100.0,100.0
DAP Darrell,128.0,128.0,128.0,128.0,128.0,128.0,128.0
JE Pitcher,70.0,70.0,70.0,70.0,70.0,70.0,70.0
Aaron Jones,126.47,128.72,150.0,126.47,126.47,50.0,126.47
HR Walsh,109.76,111.25,50.0,109.76,109.76,109.76,109.76
TP Allen,133.33,133.33,133.33,133.33,133.33,133.33,133.33
NK Patel,101.27,101.27,101.27,101.27,101.27,101.27,101.27
Ravinderpal Singh,148.99,148.99,148.99,148.99,148.99,148.99,148.99
D Heyliger,174.32,175.14,100.0,174.32,174.32,174.32,174.32
N Dutta,145.71,145.71,145.71,145.71,145.71,145.71,145.71
C Wright,92.44,92.44,92.44,92.44,92.44,92.44,92.44
T Taylor,74.19,74.19,74.19,74.19,74.19,74.19,74.19
TS Fray,136.67,136.67,136.67,136.67,136.67,136.67,136.67
AF Ifill,73.33,73.33,73.33,73.33,73.33,73.33,73.33
LHB Harrington-Myers,116.67,116.67,116.67,116.67,116.67,116.67,116.67
A Morris,42.65,42.65,42.65,42.65,42.65,42.65,42.65
P Manning,57.14,57.14,57.14,57.14,57.14,57.14,57.14
KR Ebanks,28.57,28.57,28.57,28.57,28.57,28.57,28.57
KS Leverock,192.06,192.06,192.06,192.06,192.06,192.06,192.06
NS Dhaliwal,215.79,215.79,215.79,215.79,215.79,215.79,215.79
TK Patel,93.75,93.75,93.75,93.75,93.75,93.75,93.75
SN Netravalkar,85.71,85.71,85.71,85.71,85.71,85.71,85.71
K Gore,146.88,146.88,146.88,146.88,146.88,146.88,146.88
AC Douglas,102.33,102.33,102.33,102.33,102.33,102.33,102.33
S Smith,56.6,56.6,56.6,56.6,56.6,56.6,56.6
Z McLaughlin,37.5,37.5,37.5,37.5,37.5,37.5,37.5
H Thaker,184.48,184.48,184.48,184.48,184.48,184.48,184.48
Saad Bin Zafar,159.64,159.64,159.64,159.64,159.64,159.64,159.64
Jasdeep Singh,92.0,93.15,50.0,92.0,92.0,92.0,92.0
DC Stovell,123.61,123.61,123.61,123.61,123.61,123.61,123.61
Ahmed Wardak,116.67,116.67,116.67,116.67,116.67,116.67,116.67
Abdul-Shakoor Rahimzei,155.1,155.1,155.1,155.1,155.1,155.1,155.1
Sahir Naqash,138.33,140.17,138.33,138.33,138.33,138.33,66.67
KS Bagabena,88.43,88.43,88.43,88.43,88.43,88.43,88.43
Riazat Ali Shah,169.77,169.77,169.77,169.77,169.77,169.77,169.77
IO Okpe,134.99,133.68,134.99,134.99,300.0,134.99,134.99
AA Onikoyi,105.71,105.71,105.71,105.71,105.71,105.71,105.71
AM Oyede,66.67,66.67,66.67,66.67,66.67,66.67,66.67
VD Adewoye,121.57,121.57,121.57,121.57,121.57,121.57,121.57
CN Onwuzulike,119.57,119.57,119.57,119.57,119.57,119.57,119.57
SA Okpe,116.55,116.55,116.55,116.55,116.55,116.55,116.55
G Bakiweyem,79.55,79.55,79.55,79.55,79.55,79.55,79.55
LN Oluoch,104.81,104.81,104.81,104.81,104.81,104.81,104.81
SR Bhudia,136.0,136.0,136.0,136.0,136.0,136.0,136.0
F Nsubuga,112.93,112.93,112.93,112.93,112.93,112.93,112.93
C Waiswa,142.86,142.86,142.86,142.86,142.86,142.86,142.86
DJ Mitchell,174.76,172.47,200.0,0.0,350.0,174.76,174.76
PWH de Silva,129.69,133.95,0.0,129.69,40.0,100.0,100.0
A Dananjaya,91.11,90.0,91.11,91.11,125.0,91.11,0.0
Afif Hossain,122.06,125.0,112.5,122.06,0.0,122.06,122.06
K Birkenstock,182.35,182.35,182.35,182.35,182.35,182.35,182.35
JJ Smit,165.36,166.48,100.0,100.0,165.36,165.36,165.36
JN Frylinck,123.03,124.71,123.03,50.0,123.03,123.03,123.03
Z Groenewald,38.46,38.46,38.46,38.46,38.46,38.46,38.46
D Muhumuza,121.15,121.15,121.15,121.15,121.15,121.15,121.15
E Isaneez,61.54,61.54,61.54,61.54,61.54,61.54,61.54
HG Munsey,107.41,107.41,107.41,107.41,107.41,107.41,107.41
S Snater,109.09,109.09,109.09,109.09,109.09,109.09,109.09
C Floyd,100.0,100.0,100.0,100.0,100.0,100.0,100.0
T Bavuma,128.95,141.94,128.95,100.0,128.95,50.0,128.95
D Pretorius,192.0,192.0,192.0,192.0,192.0,192.0,192.0
SS Iyer,163.39,164.46,57.14,163.39,216.67,225.0,163.39
Navdeep Saini,109.09,109.09,109.09,109.09,109.09,109.09,109.09
A Ndlovu,76.92,76.92,76.92,76.92,76.92,76.92,76.92
OJ Hairs,145.83,145.83,145.83,145.83,145.83,145.83,145.83
S Jora,130.85,123.33,300.0,130.85,130.85,130.85,130.85
Aarif Sheikh,121.28,121.28,121.28,121.28,121.28,121.28,121.28
Sidhant Singh,169.23,169.23,169.23,169.23,169.23,169.23,169.23
Amjad Mahboob,71.74,71.74,71.74,71.74,71.74,71.74,71.74
V Baskaran,72.92,72.92,72.92,72.92,72.92,72.92,72.92
AAhan Achar,80.0,80.0,80.0,80.0,80.0,80.0,80.0
T Munyonga,112.5,116.13,112.5,112.5,112.5,0.0,112.5
C Tommy,105.88,105.88,105.88,105.88,105.88,105.88,105.88
J Rasu,96.36,96.36,96.36,96.36,96.36,96.36,96.36
R Tari,130.23,130.23,130.23,130.23,130.23,130.23,130.23
J Vira,108.11,108.11,108.11,108.11,108.11,108.11,108.11
Nazril Rahman,98.08,98.08,98.08,98.08,98.08,98.08,98.08
Muhammad Wafiq,80.49,80.49,80.49,80.49,80.49,80.49,80.49
Ainool Haqqiem,113.33,113.33,113.33,113.33,113.33,113.33,113.33
NMS Param,136.46,136.46,136.46,136.46,136.46,136.46,136.46
N Nipiko,147.62,147.62,147.62,147.62,147.62,147.62,147.62
Mohamed Arief,125.0,125.0,125.0,125.0,125.0,125.0,125.0
Syazrul Idrus,104.26,104.26,104.26,104.26,104.26,104.26,104.26
SH Obed,115.56,115.56,115.56,115.56,115.56,115.56,115.56
AL Stephen,15.38,15.38,15.38,15.38,15.38,15.38,15.38
PBB Rajapaksa,148.53,144.74,172.73,250.0,100.0,150.0,148.53
Asif Ali,149.12,152.94,162.5,149.12,88.89,80.0,149.12
Mohammad Hasnain,92.31,100.0,0.0,92.31,92.31,92.31,92.31
Faheem Ashraf,141.92,147.94,150.0,141.92,100.0,16.67,28.57
HT Tector,142.71,141.88,100.0,66.67,250.0,142.71,142.71
Haroon Arshad,125.71,125.71,125.71,125.71,125.71,125.71,125.71
Nasrulla Rana,113.87,113.87,113.87,113.87,113.87,113.87,113.87
Mohammad Ghazanfar,68.29,68.29,68.29,68.29,68.29,68.29,68.29
K Christie,73.68,73.68,73.68,73.68,73.68,73.68,73.68
Suraj Kumar,138.46,138.46,138.46,138.46,138.46,138.46,138.46
Sandeep Goud,108.33,108.33,108.33,108.33,108.33,108.33,108.33
Fayyaz Butt,107.75,107.75,107.75,107.75,107.75,107.75,107.75
Anwar Arudin,58.33,58.33,58.33,58.33,58.33,58.33,58.33
W Nalisa,126.0,126.0,126.0,126.0,126.0,126.0,126.0
BOP Fernando,170.59,170.59,170.59,170.59,170.59,170.59,170.59
Iftikhar Ahmed,153.91,160.0,163.64,153.91,100.0,58.33,153.91
Simi Singh,116.67,116.67,116.67,116.67,116.67,116.67,116.67
LN Rajbanshi,47.06,47.06,47.06,47.06,47.06,47.06,47.06
S Chandramohan,182.22,182.22,182.22,182.22,182.22,182.22,182.22
TB Sole,160.47,160.47,160.47,160.47,160.47,160.47,160.47
Simandeep Singh,120.0,120.0,120.0,120.0,120.0,120.0,120.0
SS McKechnie,127.59,128.07,100.0,127.59,127.59,127.59,127.59
Junaid Siddique,101.27,101.37,101.27,100.0,101.27,101.27,101.27
Zahoor Khan,47.83,45.45,47.83,100.0,47.83,47.83,47.83
Aqib Ilyas,120.41,120.41,120.41,120.41,120.41,120.41,120.41
Zeeshan Maqsood,179.23,179.23,179.23,179.23,179.23,179.23,179.23
NA Greenwood,153.7,153.7,153.7,153.7,153.7,153.7,153.7
Sulaimon Runsewe,134.33,134.33,134.33,134.33,134.33,134.33,134.33
CG Williams,156.86,161.62,0.0,156.86,156.86,156.86,156.86
BM Scholtz,94.37,94.37,94.37,94.37,94.37,94.37,94.37
JS Kundi,112.28,112.28,112.28,112.28,112.28,112.28,112.28
L Siaka,165.57,165.57,165.57,165.57,165.57,165.57,165.57
K Doriga,127.93,128.18,100.0,127.93,127.93,127.93,127.93
R Hekure,71.43,71.43,71.43,71.43,71.43,71.43,71.43
J Kila,158.97,158.97,158.97,158.97,158.97,158.97,158.97
HN Ya France,100.0,100.0,100.0,100.0,100.0,100.0,100.0
NR Kumar,196.88,201.61,50.0,196.88,196.88,196.88,196.88
NR Kirton,146.88,146.88,146.88,146.88,146.88,146.88,146.88
JJ Tucker,100.0,100.0,100.0,100.0,100.0,100.0,100.0
D Ravu,67.74,67.74,67.74,67.74,67.74,67.74,67.74
N Pokana,87.88,87.88,87.88,87.88,87.88,87.88,87.88
Chirag Suri,149.02,149.02,149.02,149.02,149.02,149.02,149.02
DM Gondaria,162.5,162.5,162.5,162.5,162.5,162.5,162.5
RN Patel,106.82,106.82,106.82,106.82,106.82,106.82,106.82
D Gim,64.86,64.86,64.86,64.86,64.86,64.86,64.86
CM Akachukwu,94.74,94.74,94.74,94.74,94.74,94.74,94.74
ZE Green,139.68,142.93,25.0,0.0,139.68,139.68,139.68
CN Ackermann,159.72,162.86,159.72,159.72,159.72,50.0,159.72
C Bisson,150.0,150.0,150.0,150.0,150.0,150.0,150.0
O Bascome,131.58,131.58,131.58,131.58,131.58,131.58,131.58
DL Brangman,97.73,97.73,97.73,97.73,97.73,97.73,97.73
JO Adedeji,111.59,111.59,111.59,111.59,111.59,111.59,111.59
Aritra Dutta,108.33,108.33,108.33,108.33,108.33,108.33,108.33
Abraash Khan,138.89,138.89,138.89,138.89,138.89,138.89,138.89
MG Erasmus,162.11,162.11,162.11,162.11,162.11,162.11,162.11
F Stoman,91.94,91.94,91.94,91.94,91.94,91.94,91.94
Najjam Shahzad,155.17,155.17,155.17,155.17,155.17,155.17,155.17
Imran Khan,82.61,82.61,82.61,82.61,82.61,82.61,82.61
BA Pai,133.33,133.33,133.33,133.33,133.33,133.33,133.33
K Nestor,101.72,101.72,101.72,101.72,101.72,101.72,101.72
LA Collado,61.54,61.54,61.54,61.54,61.54,61.54,61.54
Zohaib Sarwar,154.76,154.76,154.76,154.76,154.76,154.76,154.76
MO Bacarese,71.43,71.43,71.43,71.43,71.43,71.43,71.43
JD Freyone,103.7,103.7,103.7,103.7,103.7,103.7,103.7
R Panchal,67.74,67.74,67.74,67.74,67.74,67.74,67.74
Yasir Ali,89.19,89.19,89.19,89.19,89.19,89.19,89.19
Kuldeep Lal,90.91,87.5,90.91,90.91,90.91,90.91,100.0
Awais Ahmed,100.0,100.0,100.0,100.0,100.0,100.0,100.0
Tauqeer Hussain,60.0,60.0,60.0,60.0,60.0,60.0,60.0
P Buccimazza,8.33,8.33,8.33,8.33,8.33,8.33,8.33
PADLR Sandakan,65.62,65.52,65.62,65.62,66.67,65.62,65.62
AR Gandhi,50.0,50.0,50.0,50.0,50.0,50.0,50.0
EB Ringera,61.54,61.54,61.54,61.54,61.54,61.54,61.54
N Advani,30.0,30.0,30.0,30.0,30.0,30.0,30.0
JA Fitzgerald,152.9,152.9,152.9,152.9,152.9,152.9,152.9
MD Garratt,8.33,8.33,8.33,8.33,8.33,8.33,8.33
A Orfila,20.0,20.0,20.0,20.0,20.0,20.0,20.0
Atif Mehmood,104.76,104.76,104.76,104.76,104.76,104.76,104.76
JL Denly,130.36,127.91,138.46,130.36,130.36,130.36,130.36
JM Vince,120.0,126.32,120.0,120.0,120.0,0.0,120.0
SJ Baard,176.67,176.67,176.67,176.67,176.67,176.67,176.67
S Dube,149.35,151.45,100.0,149.35,75.0,166.67,150.0
L Gregory,115.0,137.5,0.0,115.0,115.0,33.33,115.0
S Mahmood,74.47,80.0,75.0,74.47,0.0,74.47,74.47
SM Curran,131.18,133.15,0.0,100.0,100.0,0.0,131.18
DJ Malan,175.94,163.72,277.78,175.94,266.67,160.0,175.94
BM Tickner,60.0,66.67,60.0,60.0,60.0,33.33,60.0
Aminul Islam,83.33,91.18,42.86,83.33,100.0,83.33,83.33
Mohammad Naim,108.7,109.52,108.7,100.0,108.7,108.7,108.7
S Tobgay,75.0,75.0,75.0,75.0,75.0,75.0,75.0
RM Dorji,111.63,111.63,111.63,111.63,111.63,111.63,111.63
U Dorji,94.12,94.12,94.12,94.12,94.12,94.12,94.12
T Jamtsho,113.89,116.18,113.89,113.89,75.0,113.89,113.89
S Chophel,61.54,54.55,61.54,61.54,100.0,61.54,61.54
DL Chahar,218.75,218.75,218.75,218.75,218.75,218.75,218.75
K Pierre,69.57,69.57,69.57,69.57,69.57,69.57,69.57
KOK Williams,112.5,133.33,112.5,112.5,112.5,50.0,112.5
Mohamed Azzam,92.19,92.19,92.19,92.19,92.19,92.19,92.19
Mohamed Mahfooz,55.56,55.56,55.56,55.56,55.56,55.56,55.56
L Shafeeg,85.45,85.45,85.45,85.45,85.45,85.45,85.45
Nazwan Ismail,40.0,40.0,40.0,40.0,40.0,40.0,40.0
P Sarraf,112.5,112.5,112.5,112.5,112.5,112.5,112.5
HE van der Dussen,178.63,175.59,200.0,178.63,240.0,178.63,178.63
DC Smith,78.26,78.26,78.26,78.26,78.26,78.26,78.26
MP Biddappa,81.48,81.48,81.48,81.48,81.48,81.48,81.48
GR Russ,102.44,102.44,102.44,102.44,102.44,102.44,102.44
A Vala,128.57,128.57,128.57,128.57,128.57,128.57,128.57
TP Ura,229.79,229.79,229.79,229.79,229.79,229.79,229.79
CP Rizwan,146.55,146.55,146.55,146.55,146.55,146.55,146.55
SR Taylor,217.65,217.65,217.65,217.65,217.65,217.65,217.65
FA Allen,162.02,171.93,150.0,162.02,33.33,0.0,0.0
PSP Handscomb,94.74,94.44,94.74,94.74,100.0,94.74,94.74
SN Thakur,193.33,214.81,0.0,193.33,193.33,193.33,193.33
CBRLS Kumara,90.91,90.91,90.91,90.91,90.91,90.91,90.91
H Klaasen,141.83,143.94,76.92,50.0,375.0,141.83,141.83
Hussain Talat,110.64,110.64,110.64,110.64,110.64,110.64,110.64
SE Rutherford,173.33,182.8,100.0,25.0,55.56,200.0,173.33
BJ McCarthy,131.43,125.48,200.0,131.43,131.43,50.0,200.0
TL Seifert,135.51,133.33,144.44,0.0,280.0,20.0,135.51
YS Chahal,46.15,46.15,46.15,46.15,46.15,46.15,46.15
SC Kuggeleijn,218.75,206.9,333.33,218.75,218.75,218.75,218.75
IS Sodhi,113.9,116.96,110.0,40.0,0.0,113.9,113.9
JT Smuts,133.33,133.33,133.33,133.33,133.33,133.33,133.33
BC Fortuin,95.77,85.25,160.0,95.77,95.77,95.77,95.77
AT Carey,109.86,110.29,100.0,109.86,109.86,109.86,109.86
Khizar Hayat,89.21,89.21,89.21,89.21,89.21,89.21,89.21
PJ van Biljon,130.0,114.29,166.67,130.0,130.0,130.0,130.0
Hamed Khan,76.92,76.92,76.92,76.92,76.92,76.92,76.92
Ibrahim Rizan,74.59,74.59,74.59,74.59,74.59,74.59,74.59
V Aravind,156.0,156.0,156.0,156.0,156.0,156.0,156.0
Muhammad Naeem,123.4,123.4,123.4,123.4,123.4,123.4,123.4
Adil Butt,160.87,160.87,160.87,160.87,160.87,160.87,160.87
T Shamsi,26.32,25.0,33.33,26.32,26.32,26.32,26.32
Gayan Munaweera,128.57,128.57,128.57,128.57,128.57,128.57,128.57
Mohammed Nadeem,54.55,54.55,54.55,54.55,54.55,54.55,54.55
Navid Balouch,100.0,100.0,100.0,100.0,100.0,100.0,100.0
Yousef Shadzehisarjou,100.0,100.0,100.0,100.0,100.0,100.0,100.0
Mohammad Amin,124.0,124.0,124.0,124.0,124.0,124.0,124.0
Usman Patel,158.06,158.06,158.06,158.06,158.06,158.06,158.06
Aphsal Ashraf,264.71,264.71,264.71,264.71,264.71,264.71,264.71
Imran Anwar,112.59,112.59,112.59,112.59,112.59,112.59,112.59
U Aryaman Sunil,127.45,127.45,127.45,127.45,127.45,127.45,127.45
P Suanchuai,55.17,55.17,55.17,55.17,55.17,55.17,55.17
N Senamontree,58.68,58.68,58.68,58.68,58.68,58.68,58.68
Vichanath Singh,38.89,38.89,38.89,38.89,38.89,38.89,38.89
S Desungnoen,57.58,57.58,57.58,57.58,57.58,57.58,57.58
HJ Jordaan,100.0,100.0,100.0,100.0,100.0,100.0,100.0
Robert Raina,153.57,153.57,153.57,153.57,153.57,153.57,153.57
H Singh,148.68,152.78,148.68,148.68,148.68,148.68,75.0
D Klein,142.17,138.67,142.17,142.17,142.17,142.17,175.0
MJ Richardson,147.06,135.71,147.06,147.06,147.06,147.06,200.0
J Perman,110.26,60.0,110.26,110.26,110.26,110.26,277.78
C Munoz-Mills,140.43,140.43,140.43,140.43,140.43,140.43,140.43
W Madhevere,147.92,143.48,147.92,147.92,147.92,250.0,147.92
CT Mumba,108.57,108.57,108.57,108.57,108.57,108.57,108.57
Shaheen Shah Afridi,127.93,125.32,187.5,127.93,0.0,300.0,87.5
CJ Dala,93.33,93.33,93.33,93.33,93.33,93.33,93.33
L Sipamla,73.33,60.0,100.0,73.33,73.33,73.33,73.33
UT Yadav,70.0,70.0,70.0,70.0,70.0,70.0,70.0
DJM Short,104.55,115.79,33.33,104.55,104.55,104.55,104.55
Jay Odedra,110.71,110.71,110.71,110.71,110.71,110.71,110.71
Ariful Haque,100.0,100.0,100.0,100.0,100.0,100.0,100.0
R Powell,164.27,161.13,196.0,0.0,160.87,200.0,164.27
MA Wood,100.0,80.95,166.67,100.0,100.0,100.0,100.0
AK Kitchen,190.0,190.0,190.0,190.0,190.0,190.0,190.0
BR McDermott,136.67,150.0,83.33,136.67,136.67,136.67,136.67
S Dhawan,160.0,150.0,300.0,160.0,160.0,160.0,100.0
B Stanlake,69.23,69.23,69.23,69.23,69.23,69.23,69.23
LH Ferguson,103.85,119.05,25.0,103.85,100.0,103.85,103.85
Nazmul Islam,72.73,72.73,72.73,72.73,72.73,72.73,72.73
GD Phillips,181.38,174.9,140.0,300.0,350.0,262.5,181.38
TA Blundell,100.0,100.0,100.0,100.0,100.0,100.0,100.0
KW Richardson,91.67,91.67,91.67,91.67,91.67,91.67,91.67
MJ Swepson,129.17,129.17,129.17,129.17,129.17,129.17,129.17
C Jonker,200.0,200.0,200.0,200.0,200.0,200.0,200.0
DE Budge,115.0,115.0,115.0,115.0,115.0,115.0,115.0
WU Tharanga,183.87,183.87,183.87,183.87,183.87,183.87,183.87
Mahedi Hasan,125.71,122.78,125.0,100.0,150.0,125.71,185.71
V Shankar,73.33,73.33,73.33,73.33,73.33,73.33,73.33
JN Mohammed,107.69,109.09,100.0,107.69,107.69,107.69,107.69
OF Smith,146.96,140.45,166.67,146.96,146.96,200.0,100.0
B Mavuta,128.57,128.57,128.57,128.57,128.57,128.57,128.57
Kuldeep Yadav,58.0,59.18,58.0,58.0,58.0,0.0,58.0
BFW de Leede,138.03,138.03,138.03,138.03,138.03,138.03,138.03
TK Musakanda,127.59,127.59,127.59,127.59,127.59,127.59,127.59
B Muzarabani,77.42,71.19,77.42,77.42,77.42,200.0,77.42
J Nyumbu,63.64,63.64,63.64,63.64,63.64,63.64,63.64
Mohammad Nawaz (3),98.41,101.67,98.41,98.41,98.41,98.41,33.33
SF Mire,134.78,134.78,134.78,134.78,134.78,134.78,134.78
SMA Priyanjan,138.89,143.75,138.89,138.89,138.89,138.89,100.0
S Samarawickrama,111.54,116.0,111.54,111.54,0.0,111.54,111.54
A McAuley,70.0,70.0,70.0,70.0,70.0,70.0,70.0
MJ Ansell,75.61,75.61,75.61,75.61,75.61,75.61,75.61
CJ Langford,93.9,93.9,93.9,93.9,93.9,93.9,93.9
JA Burrows,113.33,113.33,113.33,113.33,113.33,113.33,113.33
Shaheryar Butt,165.66,165.66,165.66,165.66,165.66,165.66,165.66
Saber Zakhil,186.59,186.59,186.59,186.59,186.59,186.59,186.59
Murid Ekrami,139.13,139.13,139.13,139.13,139.13,139.13,139.13
Ashiqullah Said,136.36,136.36,136.36,136.36,136.36,136.36,136.36
S Kushretha,66.67,66.67,66.67,66.67,66.67,66.67,66.67
R Heyns,145.45,145.45,145.45,145.45,145.45,145.45,145.45
M Dixit,108.0,108.0,108.0,108.0,108.0,108.0,108.0
M Cope,64.29,64.29,64.29,64.29,64.29,64.29,64.29
WJ Cope,48.15,48.15,48.15,48.15,48.15,48.15,48.15
Wahidullah Usmani,150.0,150.0,150.0,150.0,150.0,150.0,150.0
Khalid Ahmadi,189.58,189.58,189.58,189.58,189.58,189.58,189.58
A Ashokan,168.29,166.67,168.29,200.0,168.29,168.29,168.29
K Mendon,140.91,140.91,140.91,140.91,140.91,140.91,140.91
S Rengarajan,50.0,50.0,50.0,50.0,50.0,50.0,50.0
K Gilham,107.14,107.14,107.14,107.14,107.14,107.14,107.14
J Mees,144.12,144.12,144.12,144.12,144.12,144.12,144.12
V Vijh,139.46,139.46,139.46,139.46,139.46,139.46,139.46
T Whiteman,110.26,110.26,110.26,110.26,110.26,110.26,110.26
T Banton,182.35,182.35,182.35,182.35,182.35,182.35,182.35
KC D'Souza,180.19,180.19,180.19,180.19,180.19,180.19,180.19
Bakhtiar Tahiri,163.64,163.64,163.64,163.64,163.64,163.64,163.64
Asad Ali Rehemtulla,68.0,68.0,68.0,68.0,68.0,68.0,68.0
Aftab Kayani,96.43,96.43,96.43,96.43,96.43,96.43,96.43
P Florin,64.29,64.29,64.29,64.29,64.29,64.29,64.29
Khushdil Shah,128.18,131.73,100.0,128.18,100.0,128.18,50.0
M Faraz Akram,118.97,119.3,118.97,118.97,118.97,100.0,118.97
GF Linde,128.46,122.32,190.91,128.46,128.46,128.46,128.46
DR Sams,188.89,195.24,100.0,100.0,188.89,188.89,188.89
Haris Rauf,107.37,101.15,185.71,100.0,107.37,107.37,107.37
DP Conway,175.41,183.65,150.0,175.41,175.41,50.0,175.41
Usman Qadir,114.81,120.0,114.81,50.0,114.81,114.81,114.81
KA Jamieson,130.0,119.51,266.67,130.0,133.33,130.0,130.0
KNA Bandara,148.78,148.78,148.78,148.78,148.78,148.78,148.78
OC McCoy,103.64,117.78,40.0,103.64,103.64,103.64,103.64
JC Archer,136.0,141.46,111.11,136.0,136.0,136.0,136.0
WA Young,147.06,153.85,147.06,147.06,147.06,125.0,147.06
Shoriful Islam,115.09,109.62,115.09,400.0,115.09,115.09,115.09
Nasum Ahmed,94.34,70.45,66.67,94.34,320.0,94.34,100.0
RB Patel,150.0,150.0,150.0,150.0,150.0,150.0,150.0
DM Nakrani,171.38,171.38,171.38,171.38,171.38,171.38,171.38
F Akankwasa,115.19,115.19,115.19,115.19,115.19,115.19,115.19
JP Kotze,150.72,150.72,150.72,150.72,150.72,150.72,150.72
H Ssenyondo,47.92,47.92,47.92,47.92,47.92,47.92,47.92
SSB Magala,123.08,114.29,133.33,123.08,123.08,123.08,123.08
Haider Ali,125.84,121.95,171.43,125.84,125.84,125.84,125.84
PWA Mulder,127.03,127.03,127.03,127.03,127.03,127.03,127.03
LB Williams,59.09,57.14,62.5,59.09,59.09,59.09,59.09
Kushal Malla,185.71,186.4,185.71,185.71,185.71,185.71,100.0
R Ngarava,123.19,127.27,123.19,50.0,123.19,0.0,123.19
Danish Aziz,92.86,92.86,92.86,92.86,92.86,92.86,92.86
Ainool Hafizs,101.03,101.03,101.03,101.03,101.03,101.03,101.03
K Bhurtel,159.18,159.18,159.18,159.18,159.18,159.18,159.18
Hilal Ahmad,87.5,87.5,87.5,87.5,87.5,87.5,87.5
Mirza Ahsan,201.96,201.96,201.96,201.96,201.96,201.96,201.96
Jaweed Sadran,125.0,125.0,125.0,125.0,125.0,125.0,125.0
Sahel Zadran,134.09,134.09,134.09,134.09,134.09,134.09,134.09
Ali Waqar,40.0,40.0,40.0,40.0,40.0,40.0,40.0
Naveed Ahmed,92.16,92.16,92.16,92.16,92.16,92.16,92.16
SJ Patel,15.38,15.38,15.38,15.38,15.38,15.38,15.38
SMK Waththage,56.25,56.25,56.25,56.25,56.25,56.25,56.25
S Sengupta,96.43,96.43,96.43,96.43,96.43,96.43,96.43
M Simpson-Parker,147.62,147.62,147.62,147.62,147.62,147.62,147.62
Razmal Shigiwal,216.67,216.67,216.67,216.67,216.67,216.67,216.67
J Barker,130.58,130.58,130.58,130.58,130.58,130.58,130.58
S Grover,108.77,108.77,108.77,108.77,108.77,108.77,108.77
Asrar Ahmed,64.29,64.29,64.29,64.29,64.29,64.29,64.29
Syed Amanullah,78.57,78.57,78.57,78.57,78.57,78.57,78.57
D Nikolov,54.55,54.55,54.55,54.55,54.55,54.55,54.55
B Ivanov,59.09,59.09,59.09,59.09,59.09,59.09,59.09
J Albin,84.43,83.05,84.43,125.0,84.43,84.43,84.43
R Satheesan,156.67,156.67,156.67,156.67,156.67,156.67,156.67
V Zimonjic,112.3,112.3,112.3,112.3,112.3,112.3,112.3
M Sarenac,47.73,47.73,47.73,47.73,47.73,47.73,47.73
A Djorovic,69.7,69.7,69.7,69.7,69.7,69.7,69.7
A Nortje,80.65,87.5,100.0,80.65,80.65,80.65,0.0
AK Markram,171.43,176.43,33.33,171.43,175.0,66.67,171.43
AJ Hosein,146.1,141.53,183.33,146.1,176.92,146.1,125.0
Bilal Muhammad,183.54,183.54,183.54,183.54,183.54,183.54,183.54
B Arora,110.57,110.57,110.57,110.57,110.57,110.57,110.57
N Khanna,160.53,160.53,160.53,160.53,160.53,160.53,160.53
Washeem Abbas,121.0,121.0,121.0,121.0,121.0,121.0,121.0
Amar Sharma,109.76,109.76,109.76,109.76,109.76,109.76,109.76
A Bishnoi,61.11,61.11,61.11,61.11,61.11,61.11,61.11
SA Yadav,217.32,224.03,0.0,100.0,180.0,166.67,140.0
Ishan Kishan,177.42,148.28,177.42,177.42,177.42,600.0,177.42
KIC Asalanka,140.17,144.02,57.14,140.17,80.0,166.67,100.0
C Karunaratne,118.88,118.5,120.0,118.88,118.88,118.88,125.0
D Myers,142.86,145.0,142.86,142.86,142.86,100.0,142.86
Shamim Hossain,147.37,147.14,80.0,240.0,147.37,147.37,100.0
CV Varun,20.0,20.0,20.0,20.0,20.0,20.0,20.0
C Sakariya,50.0,50.0,50.0,50.0,50.0,50.0,50.0
JR Hazlewood,104.35,104.55,100.0,104.35,104.35,104.35,104.35
CJ Delany,162.5,162.5,162.5,162.5,162.5,162.5,162.5
L Bruce,125.84,125.84,125.84,125.84,125.84,125.84,125.84
RJ Hatchman,144.64,144.64,144.64,144.64,144.64,144.64,144.64
P Hatchman,83.33,83.33,83.33,83.33,83.33,83.33,83.33
SSM Stanislaus,134.29,134.29,134.29,134.29,134.29,134.29,134.29
VP Thamotharam,175.62,175.62,175.62,175.62,175.62,175.62,175.62
OH Agbomadzie,125.58,125.58,125.58,125.58,125.58,125.58,125.58
MK Anafie,50.0,50.0,50.0,50.0,50.0,50.0,50.0
Devender Singh,122.5,122.5,122.5,122.5,122.5,122.5,122.5
TK Joseph,102.67,102.67,102.67,102.67,102.67,102.67,102.67
W McClintock,100.0,100.0,100.0,100.0,100.0,100.0,100.0
HM Nicholls,145.83,152.38,145.83,145.83,145.83,100.0,145.83
CE McConchie,125.45,129.79,75.0,125.45,125.45,125.0,125.45
Hamza Dar,211.29,211.29,211.29,211.29,211.29,211.29,211.29
DA Blignaut,112.9,112.9,112.9,112.9,112.9,112.9,112.9
Talha Khan,82.35,82.35,82.35,82.35,82.35,82.35,82.35
B Masaba,141.3,144.78,25.0,141.3,141.3,141.3,141.3
Mohameed Taiwo,88.89,88.89,88.89,88.89,88.89,88.89,88.89
M Theekshana,62.6,62.9,57.14,62.6,62.6,62.6,62.6
O Olaleye,117.5,117.5,117.5,117.5,117.5,117.5,117.5
Mustapha Yusuf,100.0,100.0,100.0,100.0,100.0,100.0,100.0
Saud Islam,142.86,142.86,142.86,142.86,142.86,142.86,142.86
F Achelam,115.49,117.39,50.0,115.49,115.49,115.49,115.49
P Aho,121.77,121.77,121.77,121.77,121.77,121.77,121.77
M Vaik,58.33,58.33,58.33,58.33,58.33,58.33,58.33
MMR Obili,69.57,69.57,69.57,69.57,69.57,69.57,69.57
Moshiur Rahman,35.29,35.29,35.29,35.29,35.29,35.29,35.29
T Cross,45.45,45.45,45.45,45.45,45.45,45.45,45.45
M Kyriacou,100.0,100.0,100.0,100.0,100.0,100.0,100.0
Yasir Mehmood,103.12,103.12,103.12,103.12,103.12,103.12,103.12
Kashif Daud,150.0,150.0,150.0,150.0,150.0,150.0,150.0
C Campher,148.37,150.35,120.0,148.37,148.37,148.37,148.37
SK Atai,117.39,117.39,117.39,117.39,117.39,117.39,117.39
NA Rock,120.0,120.0,120.0,120.0,120.0,120.0,120.0
Waseem Muhammad,160.49,160.49,160.49,160.49,160.49,160.49,160.49
Basil Hameed,160.43,160.43,160.43,160.43,160.43,160.43,160.43
Surya Anand,128.17,128.17,128.17,128.17,128.17,128.17,128.17
GK Berg,143.1,143.1,143.1,143.1,143.1,143.1,143.1
M Akayezu,127.8,127.8,127.8,127.8,127.8,127.8,127.8
Z Bimenyimana,117.06,117.06,117.06,117.06,117.06,117.06,117.06
C Rububagumya,101.58,101.58,101.58,101.58,101.58,101.58,101.58
K Irakoze,90.52,90.52,90.52,90.52,90.52,90.52,90.52
D Uwimana,109.09,109.09,109.09,109.09,109.09,109.09,109.09
P Vekaria,132.43,132.43,132.43,132.43,132.43,132.43,132.43
MA Baig,87.88,87.88,87.88,87.88,87.88,87.88,87.88
GM Ntambalika,107.14,107.14,107.14,107.14,107.14,107.14,107.14
M Mwamadi,45.45,45.45,45.45,45.45,45.45,45.45,45.45
CN Greaves,92.81,99.29,46.67,92.81,80.0,66.67,92.81
Amir Sharif,90.0,90.0,90.0,90.0,90.0,90.0,90.0
BBJL Perera,80.0,80.0,80.0,80.0,80.0,80.0,80.0
V Ganesan,101.35,101.35,101.35,101.35,101.35,101.35,101.35
M Magagula,91.89,91.89,91.89,91.89,91.89,91.89,91.89
S Kubheka,70.0,70.0,70.0,70.0,70.0,70.0,70.0
GP Meade,151.39,151.39,151.39,151.39,151.39,151.39,151.39
NL Smith,103.45,103.45,103.45,103.45,103.45,103.45,103.45
Musa Shaheen,69.23,69.23,69.23,69.23,69.23,69.23,69.23
Muslim Yar,124.04,124.04,124.04,124.04,124.04,124.04,124.04
Ghulam Ahmadi,100.0,100.0,100.0,100.0,100.0,100.0,100.0
SVE Bharathi,41.18,41.18,41.18,41.18,41.18,41.18,41.18
J Ghadiyali,46.67,46.67,46.67,46.67,46.67,46.67,46.67
J Hansrod,58.33,58.33,58.33,58.33,58.33,58.33,58.33
M Jele,78.57,78.57,78.57,78.57,78.57,78.57,78.57
Umair Qasim,104.17,104.17,104.17,104.17,104.17,104.17,104.17
Mazharul Islam,141.67,141.67,141.67,141.67,141.67,141.67,141.67
SK Awiah,52.94,52.94,52.94,52.94,52.94,52.94,52.94
Ali Nayyer,157.28,157.28,157.28,157.28,157.28,157.28,157.28
Asad Mahmood,45.45,45.45,45.45,45.45,45.45,45.45,45.45
Ashwin Vinod,127.78,127.78,127.78,127.78,127.78,127.78,127.78
NK Aneesh Kumar,85.37,85.37,85.37,85.37,85.37,85.37,85.37
D Kalvin,109.09,109.09,109.09,109.09,109.09,109.09,109.09
SR Mohan,66.67,66.67,66.67,66.67,66.67,66.67,66.67
SR Rocket,46.15,46.15,46.15,46.15,46.15,46.15,46.15
HL Harji,86.67,86.67,86.67,86.67,86.67,86.67,86.67
KJ Patel,27.59,27.59,27.59,27.59,27.59,27.59,27.59
AB Kamara,97.56,97.56,97.56,97.56,97.56,97.56,97.56
A Gbla,136.59,136.59,136.59,136.59,136.59,136.59,136.59
S Mba,54.55,54.55,54.55,54.55,54.55,54.55,54.55
Imran Ali Butt,93.94,93.94,93.94,93.94,93.94,93.94,93.94
S Veerapathiran,132.12,132.12,132.12,132.12,132.12,132.12,132.12
Mohamed Rishwan,83.33,83.33,83.33,83.33,83.33,83.33,83.33
JWN Moses,105.0,105.0,105.0,105.0,105.0,105.0,105.0
K Motlanka,82.61,82.61,82.61,82.61,82.61,82.61,82.61
V Mbazo,114.52,114.52,114.52,114.52,114.52,114.52,114.52
V Balakrishnan,126.09,126.09,126.09,126.09,126.09,126.09,126.09
T Tshose,132.14,132.14,132.14,132.14,132.14,132.14,132.14
E Ernest,54.55,54.55,54.55,54.55,54.55,54.55,54.55
S Williams,76.32,76.32,76.32,76.32,76.32,76.32,76.32
P Nissanka,160.33,162.5,220.0,160.33,130.0,160.33,50.0
FJ Mpegna,50.0,50.0,50.0,50.0,50.0,50.0,50.0
M Fru,78.57,78.57,78.57,78.57,78.57,78.57,78.57
CB Ondoa,34.15,34.15,34.15,34.15,34.15,34.15,34.15
R Trumpelmann,139.86,140.14,100.0,139.86,139.86,139.86,139.86
Garret Banner,123.91,123.91,123.91,123.91,123.91,123.91,123.91
TAW Patterson,36.84,36.84,36.84,36.84,36.84,36.84,36.84
GG Banner,115.38,115.38,115.38,115.38,115.38,115.38,115.38
R Escobar,90.0,90.0,90.0,90.0,90.0,90.0,90.0
T Rossi,116.67,116.67,116.67,116.67,116.67,116.67,116.67
H Fennell,93.75,93.75,93.75,93.75,93.75,93.75,93.75
A Husain,68.75,68.75,68.75,68.75,68.75,68.75,68.75
R Ravindra,136.36,139.39,120.0,136.36,100.0,136.36,136.36
VR Iyer,161.4,162.26,150.0,161.4,161.4,161.4,161.4
K Nassoro,143.11,143.11,143.11,143.11,143.11,143.11,143.11
S Thakor,148.23,148.23,148.23,148.23,148.23,148.23,148.23
SA Jumbe,130.24,130.24,130.24,130.24,130.24,130.24,130.24
AM Kimote,99.46,99.46,99.46,99.46,99.46,99.46,99.46
S Sesazi,147.37,147.37,147.37,147.37,147.37,147.37,147.37
SJ Modani,179.31,179.31,179.31,179.31,179.31,179.31,179.31
G Singh,110.0,110.0,110.0,110.0,110.0,110.0,110.0
MO Kain,170.0,170.0,170.0,170.0,170.0,170.0,170.0
PD Salt,227.06,228.05,227.06,227.06,227.06,200.0,227.06
KS Airee,100.0,100.0,100.0,100.0,100.0,100.0,100.0
JK Mukhiya,46.15,46.15,46.15,46.15,46.15,46.15,46.15
Azam Khan,242.86,242.86,242.86,242.86,242.86,242.86,242.86
MW Parkinson,41.67,20.0,57.14,41.67,41.67,41.67,41.67
B White,57.14,59.46,40.0,57.14,57.14,57.14,57.14
BA King,167.86,158.0,167.86,167.86,300.0,0.0,167.86
R Shepherd,145.53,146.28,107.5,145.53,230.0,183.33,145.53
HC Brook,192.53,195.27,192.53,192.53,100.0,100.0,192.53
JP Behrendorff,63.64,55.56,100.0,63.64,63.64,63.64,63.64
Mohammad Wasim,72.55,72.55,72.55,72.55,72.55,72.55,72.55
BJ Davidson,12.5,12.5,12.5,12.5,12.5,12.5,12.5
J Reb,36.36,36.36,36.36,36.36,36.36,36.36,36.36
LA Dunbar,235.29,235.29,235.29,235.29,235.29,235.29,235.29
N Zimonjic,73.68,73.68,73.68,73.68,73.68,73.68,73.68
S Jamil,88.46,88.46,88.46,88.46,88.46,88.46,88.46
B Niaz,154.9,155.32,154.9,150.0,154.9,154.9,154.9
Sheraz Sheikh,126.19,126.19,126.19,126.19,126.19,126.19,126.19
Sherul Mehta,100.0,100.0,100.0,100.0,100.0,100.0,100.0
Sher Sahak,178.26,172.57,178.26,178.26,178.26,178.26,500.0
Wahidullah Sahak,141.51,141.51,141.51,141.51,141.51,141.51,141.51
Vinay Ravi,113.59,113.59,113.59,113.59,113.59,113.59,113.59
Noman Amjad,117.24,118.75,117.24,75.0,117.24,117.24,117.24
Virk Ali,83.33,83.33,83.33,83.33,83.33,83.33,83.33
Jubaid Ahamed,120.59,120.59,120.59,120.59,120.59,120.59,120.59
HA Jackson,87.5,87.5,87.5,87.5,87.5,87.5,87.5
Rahmatullah Mangal,86.36,87.3,86.36,66.67,86.36,86.36,86.36
Dawood Ahmadzai,109.62,109.62,109.62,109.62,109.62,109.62,109.62
VB Chikkannaiah,188.24,188.24,188.24,188.24,188.24,188.24,188.24
M Shumba,151.45,151.45,151.45,151.45,151.45,151.45,151.45
R Bakum,108.33,108.33,108.33,108.33,108.33,108.33,108.33
JK Vifah,119.05,119.05,119.05,119.05,119.05,119.05,119.05
Dipanjan Dey,185.71,185.71,185.71,185.71,185.71,185.71,185.71
R Gowthaman,104.35,104.35,104.35,104.35,104.35,104.35,104.35
Hassan Mehmood,56.25,56.25,56.25,56.25,56.25,56.25,56.25
Qudratullah Mir Afzail,115.0,115.0,115.0,115.0,115.0,115.0,115.0
JOP Scamans,114.52,114.52,114.52,114.52,114.52,114.52,114.52
MB Tambe,74.68,74.68,74.68,74.68,74.68,74.68,74.68
L Karlsson,87.88,87.88,87.88,87.88,87.88,87.88,87.88
Amjad Sher,150.57,150.57,150.57,150.57,150.57,150.57,150.57
A Pusthay,193.75,193.75,193.75,193.75,193.75,193.75,193.75
VS Padhaal,134.04,134.04,134.04,134.04,134.04,134.04,134.04
Imal Zuwak,106.67,106.67,106.67,106.67,106.67,106.67,106.67
KV Morea,116.67,121.74,0.0,116.67,116.67,116.67,116.67
JN Loftie-Eaton,163.79,178.85,25.0,50.0,163.79,163.79,163.79
Ayan Khan,156.56,152.14,156.56,156.56,325.0,0.0,156.56
RL Chase,153.15,162.38,66.67,100.0,153.15,60.0,0.0
P Useni,144.21,144.21,144.21,144.21,144.21,144.21,144.21
Bilal Hassun,100.0,100.0,100.0,100.0,100.0,100.0,100.0
K Waiswa,129.27,129.27,129.27,129.27,129.27,129.27,129.27
H Srinivasan,74.07,74.07,74.07,74.07,74.07,74.07,74.07
Nooruddin Mujadady,164.71,164.71,164.71,164.71,164.71,164.71,164.71
C Rumistrzewicz,61.54,61.54,61.54,61.54,61.54,61.54,61.54
Raja Adeel,38.46,38.46,38.46,38.46,38.46,38.46,38.46
TC Barker,216.0,216.0,216.0,216.0,216.0,216.0,216.0
DV Varghese,63.64,63.64,63.64,63.64,63.64,63.64,63.64
Zahir Mohammed,134.0,134.0,134.0,134.0,134.0,134.0,134.0
Zeeshan Kukikhel,164.86,164.86,164.86,164.86,164.86,164.86,164.86
A Kheterpal,128.16,128.16,128.16,128.16,128.16,128.16,128.16
AG Weligamage,100.0,100.0,100.0,100.0,100.0,100.0,100.0
Ali Yalmaz,105.71,105.71,105.71,105.71,105.71,105.71,105.71
S Wickramasekara,181.08,183.33,181.08,100.0,181.08,181.08,181.08
H Lakov,111.63,111.63,111.63,111.63,111.63,111.63,111.63
A Manepalli,109.38,109.38,109.38,109.38,109.38,109.38,109.38
S Ashwathnarayana,211.9,211.9,211.9,211.9,211.9,211.9,211.9
V Saini,153.76,153.76,153.76,153.76,153.76,153.76,153.76
Taranjeet Singh,193.33,193.33,193.33,193.33,193.33,193.33,193.33
Sami Ullah,164.71,164.71,164.71,164.71,164.71,164.71,164.71
S Nadigotla,109.09,109.09,109.09,109.09,109.09,109.09,109.09
Ijaz Hussain,96.72,96.72,96.72,96.72,96.72,96.72,96.72
S Vashisht,103.33,103.33,103.33,103.33,103.33,103.33,103.33
Zeeshan Khan,149.06,149.06,149.06,149.06,149.06,149.06,149.06
HV Mandhyan,123.08,123.08,123.08,123.08,123.08,123.08,123.08
Abhijeet Ahuja,164.71,164.71,164.71,164.71,164.71,164.71,164.71
A Nanda,89.13,89.13,89.13,89.13,89.13,89.13,89.13
HV Patel,125.0,125.58,120.0,125.0,125.0,125.0,125.0
T Filer,92.31,92.31,92.31,92.31,92.31,92.31,92.31
Habib Khan,204.76,204.76,204.76,204.76,204.76,204.76,204.76
Ali Raza,137.5,137.5,137.5,137.5,137.5,137.5,137.5
NK Tiwari,31.25,31.25,31.25,31.25,31.25,31.25,31.25
Ashraful Shuvo,58.33,58.33,58.33,58.33,58.33,58.33,58.33
EF Beard,144.83,144.83,144.83,144.83,144.83,144.83,144.83
S Austin,108.82,108.82,108.82,108.82,108.82,108.82,108.82
Zeeshan Sarwar,200.0,200.0,200.0,200.0,200.0,200.0,200.0
Tejwinder Singh,204.17,204.17,204.17,204.17,204.17,204.17,204.17
CPPM Sadun,120.59,120.59,120.59,120.59,120.59,120.59,120.59
S Hook,126.67,129.58,126.67,75.0,126.67,126.67,126.67
K Vislapuu,94.44,64.29,94.44,200.0,94.44,94.44,94.44
PA Raikes,156.45,156.45,156.45,156.45,156.45,156.45,156.45
A Reyes,115.49,115.49,115.49,115.49,115.49,115.49,115.49
J Marples,72.0,72.0,72.0,72.0,72.0,72.0,72.0
Ahsan Khan,110.0,111.11,110.0,100.0,110.0,110.0,110.0
Aaftab Alam Khan,127.03,127.03,127.03,127.03,127.03,127.03,127.03
Arjun Vinod,95.0,95.0,95.0,95.0,95.0,95.0,95.0
Faisal Mubashir,135.0,135.0,135.0,135.0,135.0,135.0,135.0
FA Klokker,145.45,145.45,145.45,145.45,145.45,145.45,145.45
AM Tribe,132.0,132.0,132.0,132.0,132.0,132.0,132.0
DKD Warnakulasuriya,14.29,14.29,14.29,14.29,14.29,14.29,14.29
D Birrell,82.35,82.35,82.35,82.35,82.35,82.35,82.35
J Grassi,115.38,115.38,115.38,115.38,115.38,115.38,115.38
MGSM Fernando,125.0,125.0,125.0,125.0,125.0,125.0,125.0
ZM Tribe,124.44,124.44,124.44,124.44,124.44,124.44,124.44
S Thanikaithasan,125.64,125.64,125.64,125.64,125.64,125.64,125.64
B Pondani,25.0,25.0,25.0,25.0,25.0,25.0,25.0
Sami Sohail,155.19,155.19,155.19,155.19,155.19,155.19,155.19
S Udhayan,130.0,130.0,130.0,130.0,130.0,130.0,130.0
D Kansonkho,133.33,133.33,133.33,133.33,133.33,133.33,133.33
F Damiao Couana,166.67,166.67,166.67,166.67,166.67,166.67,166.67
FA Cossa,139.76,139.76,139.76,139.76,139.76,139.76,139.76
FE Carava,40.0,40.0,40.0,40.0,40.0,40.0,40.0
VE Tembo,175.0,175.0,175.0,175.0,175.0,175.0,175.0
L Emilio,107.89,107.89,107.89,107.89,107.89,107.89,107.89
SF Nhavotso,38.1,38.1,38.1,38.1,38.1,38.1,38.1
LA Simango,54.55,54.55,54.55,54.55,54.55,54.55,54.55
ZE Matsinhe,44.44,44.44,44.44,44.44,44.44,44.44,44.44
L Lamin,100.0,100.0,100.0,100.0,100.0,100.0,100.0
R Nehonde,131.96,131.96,131.96,131.96,131.96,131.96,131.96
A Rangaswamy,85.71,85.71,85.71,85.71,85.71,85.71,85.71
AA Navicha,105.17,107.14,105.17,105.17,50.0,105.17,105.17
AA Jasani,222.22,222.22,222.22,222.22,222.22,222.22,222.22
HA Chohan,166.0,166.0,166.0,166.0,166.0,166.0,166.0
P Silas,121.21,121.21,121.21,121.21,121.21,121.21,121.21
RA Abolarin,127.27,127.27,127.27,127.27,127.27,127.27,127.27
S Conteh,112.5,112.5,112.5,112.5,112.5,112.5,112.5
S Tarawally,42.86,42.86,42.86,42.86,42.86,42.86,42.86
C Bah,108.16,108.16,108.16,108.16,108.16,108.16,108.16
G Sesay,80.95,80.95,80.95,80.95,80.95,80.95,80.95
Fiaz Ahmed,169.92,169.92,169.92,169.92,169.92,169.92,169.92
Haider Butt,167.68,167.68,167.68,167.68,167.68,167.68,167.68
P Kurup,156.14,156.14,156.14,156.14,156.14,156.14,156.14
Abdul Wahid,133.93,133.93,133.93,133.93,133.93,133.93,133.93
Hisham Sheikh,115.6,115.6,115.6,115.6,115.6,115.6,115.6
Zain Ul Abidin,128.71,128.71,128.71,128.71,128.71,128.71,128.71
KJ Young,120.0,120.0,120.0,120.0,120.0,120.0,120.0
BS Stephenson,122.22,122.22,122.22,122.22,122.22,122.22,122.22
TW Samuels,85.71,85.71,85.71,85.71,85.71,85.71,85.71
Irfan Hafejee,94.74,94.74,94.74,94.74,94.74,94.74,94.74
D Ahir,112.5,112.5,112.5,112.5,112.5,112.5,112.5
Mahmud Jasat,94.12,94.12,94.12,94.12,94.12,94.12,94.12
Abdullah Jasat,116.67,116.67,116.67,116.67,116.67,116.67,116.67
KB Ahir,82.35,82.35,82.35,82.35,82.35,82.35,82.35
A Ferguson,104.35,104.35,104.35,104.35,104.35,104.35,104.35
ML Castillo,110.26,110.26,110.26,110.26,110.26,110.26,110.26
NN Banner,92.86,92.86,92.86,92.86,92.86,92.86,92.86
R Pathan,150.0,150.0,150.0,150.0,150.0,150.0,150.0
N Ahir,65.12,65.12,65.12,65.12,65.12,65.12,65.12
R Abdulkareem,99.13,99.13,99.13,99.13,99.13,99.13,99.13
ZR Jaboneke,86.36,86.36,86.36,86.36,86.36,86.36,86.36
Yasir Mohammad,54.17,54.17,54.17,54.17,54.17,54.17,54.17
JP Inglis,151.92,128.57,266.67,151.92,212.5,33.33,151.92
B Yadav,181.58,181.58,181.58,181.58,181.58,181.58,181.58
M Spoors,200.0,200.0,200.0,200.0,200.0,200.0,200.0
Vimal Kumar,72.22,72.22,72.22,72.22,72.22,72.22,72.22
M Podosky,123.81,123.81,123.81,123.81,123.81,123.81,123.81
Sarfaraz Ali,212.5,212.5,212.5,212.5,212.5,212.5,212.5
DC Drakes,69.23,81.82,0.0,69.23,69.23,69.23,69.23
KH Prajapati,139.47,139.47,139.47,139.47,139.47,139.47,139.47
Lokesh Bam,183.33,183.33,183.33,183.33,183.33,183.33,183.33
J Alegra,154.55,154.55,154.55,154.55,154.55,154.55,154.55
G Chohan,153.85,153.85,153.85,153.85,153.85,153.85,153.85
DK Mathias,118.75,118.75,118.75,118.75,118.75,118.75,118.75
Muhammad Safdar,123.08,123.08,123.08,123.08,123.08,123.08,123.08
HER Tyler,230.77,230.77,230.77,230.77,230.77,230.77,230.77
Sikder Billah,133.33,133.33,133.33,133.33,133.33,133.33,133.33
J Hill,58.33,58.33,58.33,58.33,58.33,58.33,58.33
Huzaifa Mohammed,90.67,90.67,90.67,90.67,90.67,90.67,90.67
Junaid Aziz,144.71,144.71,144.71,144.71,144.71,144.71,144.71
Mohammad Aadil Alam,167.24,167.24,167.24,167.24,167.24,167.24,167.24
SI Kamea,31.25,31.25,31.25,31.25,31.25,31.25,31.25
BJ Dwarshuis,78.95,83.33,0.0,78.95,78.95,78.95,78.95
J Miyaji,118.69,118.69,118.69,118.69,118.69,118.69,118.69
C Kyewuta,93.85,100.0,93.85,93.85,93.85,0.0,93.85
Ali Saleem,161.54,153.33,161.54,260.0,161.54,161.54,161.54
T Nightingale,165.0,165.0,165.0,165.0,165.0,165.0,165.0
Walid Ghauri,151.22,151.22,151.22,151.22,151.22,151.22,151.22
Bilal Safdar,165.0,165.0,165.0,165.0,165.0,165.0,165.0
D Abeyrathna,108.57,108.57,108.57,108.57,108.57,108.57,108.57
MWR Stokes,165.22,165.22,165.22,165.22,165.22,165.22,165.22
LA Burns,129.17,129.17,129.17,129.17,129.17,129.17,129.17
Mohammad Kamran,66.67,66.67,66.67,66.67,66.67,66.67,66.67
Raza Iqbal,82.76,82.76,82.76,82.76,82.76,82.76,82.76
PF Gallagher,169.7,169.7,169.7,169.7,169.7,169.7,169.7
HAM Shah,215.62,215.62,215.62,215.62,215.62,215.62,215.62
Saran Aslam,197.06,197.06,197.06,197.06,197.06,197.06,197.06
Ali Farasat,136.76,136.76,136.76,136.76,136.76,136.76,136.76
M Whelan,117.86,117.86,117.86,117.86,117.86,117.86,117.86
S Bodha,110.0,110.0,110.0,110.0,110.0,110.0,110.0
S Davizi,179.25,179.25,179.25,179.25,179.25,179.25,179.25
Sazib Bhuiyan,121.74,121.74,121.74,121.74,121.74,121.74,121.74
Ritik Tomar,156.76,156.76,156.76,156.76,156.76,156.76,156.76
R Cunningham,71.43,71.43,71.43,71.43,71.43,71.43,71.43
SA Mohandas,100.0,100.0,100.0,100.0,100.0,100.0,100.0
Saim Hussain,198.18,198.18,198.18,198.18,198.18,198.18,198.18
I Katzarski,42.86,42.86,42.86,42.86,42.86,42.86,42.86
B George,186.49,186.49,186.49,186.49,186.49,186.49,186.49
Imran Ameer,143.55,143.55,143.55,143.55,143.55,143.55,143.55
Divyendra Singh,117.91,117.91,117.91,117.91,117.91,117.91,117.91
Dylan Steyn,156.25,156.25,156.25,156.25,156.25,156.25,156.25
Omar Rassol,136.0,136.0,136.0,136.0,136.0,136.0,136.0
P Mishra,134.59,134.59,134.59,134.59,134.59,134.59,134.59
B Evans,88.89,91.3,57.14,88.89,88.89,200.0,88.89
N Thushara,16.67,19.05,0.0,16.67,16.67,16.67,16.67
Abdullah Akbarjan,62.9,62.9,62.9,62.9,62.9,62.9,62.9
Sajid Liaqat,180.0,180.0,180.0,180.0,180.0,180.0,180.0
KA Maharaj,103.61,94.29,153.85,103.61,103.61,103.61,103.61
E Haven,43.24,43.24,43.24,43.24,43.24,43.24,43.24
M Taylor,140.0,140.0,140.0,140.0,140.0,140.0,140.0
P Baron,93.33,93.33,93.33,93.33,93.33,93.33,93.33
RM Siri,111.54,111.54,111.54,111.54,111.54,111.54,111.54
PL Bruno,89.47,89.47,89.47,89.47,89.47,89.47,89.47
NR Johns-Wickberg,54.76,54.76,54.76,54.76,54.76,54.76,54.76
ML Kostic,46.67,46.67,46.67,46.67,46.67,46.67,46.67
S Tosic,64.47,64.47,64.47,64.47,64.47,64.47,64.47
A Dizija,133.33,133.33,133.33,133.33,133.33,133.33,133.33
RL Vitas,84.09,84.09,84.09,84.09,84.09,84.09,84.09
A Mene-Ejegi,188.46,188.46,188.46,188.46,188.46,188.46,188.46
DJ Hooda,142.86,134.69,142.86,350.0,142.86,0.0,142.86
IDM Latin,156.19,156.19,156.19,156.19,156.19,156.19,156.19
M Gouws,153.33,153.33,153.33,153.33,153.33,153.33,153.33
A Amado,116.67,116.67,116.67,116.67,116.67,116.67,116.67
Yair Nagavkar,88.24,88.24,88.24,88.24,88.24,88.24,88.24
Niv Nagavkar,95.83,95.83,95.83,95.83,95.83,95.83,95.83
M Fontaine,88.89,88.89,88.89,88.89,88.89,88.89,88.89
Sajad Ahmadzai,88.24,81.25,88.24,200.0,88.24,88.24,88.24
J Shaju,33.33,33.33,33.33,33.33,33.33,33.33,33.33
G Schachat,148.0,148.0,148.0,148.0,148.0,148.0,148.0
E Solomon,106.67,106.67,106.67,106.67,106.67,106.67,106.67
E Kahamker,158.33,158.33,158.33,158.33,158.33,158.33,158.33
Saud Munir,57.14,57.14,57.14,57.14,57.14,57.14,57.14
A Mutreja,170.0,170.0,170.0,170.0,170.0,170.0,170.0
HGV Vare,88.64,88.64,88.64,88.64,88.64,88.64,88.64
GK Ghalley,121.23,121.23,121.23,121.23,121.23,121.23,121.23
Ngawang Thinley,75.0,75.0,75.0,75.0,75.0,75.0,75.0
Manoj Adhikari,63.83,63.83,63.83,63.83,63.83,63.83,63.83
S Yeshi,51.92,51.92,51.92,51.92,51.92,51.92,51.92
Shunan Ali,35.29,35.29,35.29,35.29,35.29,35.29,35.29
T Wangchuk,73.44,73.44,73.44,73.44,73.44,73.44,73.44
Arshdeep Singh,106.76,108.22,106.76,106.76,0.0,106.76,106.76
Avesh Khan,158.33,158.33,158.33,158.33,158.33,158.33,158.33
Ravi Bishnoi,121.74,133.33,121.74,33.33,121.74,100.0,121.74
SKS Gill,136.14,136.14,136.14,136.14,136.14,136.14,136.14
Shahil Momin,145.83,145.83,145.83,145.83,145.83,145.83,145.83
A Bhadauria,127.27,127.27,127.27,127.27,127.27,127.27,127.27
P Malav,55.1,55.1,55.1,55.1,55.1,55.1,55.1
Aqib Iqbal,164.37,164.37,164.37,164.37,164.37,164.37,164.37
MPS Cheema,95.65,95.65,95.65,95.65,95.65,95.65,95.65
KM Venkataswamy,100.0,100.0,100.0,100.0,100.0,100.0,100.0
SN Pathirana,72.55,72.55,72.55,72.55,72.55,72.55,72.55
SRMJJ Arachchilage,50.0,50.0,50.0,50.0,50.0,50.0,50.0
S Periyalwar,106.45,106.45,106.45,106.45,106.45,106.45,106.45
M Ozturk,59.38,59.38,59.38,59.38,59.38,59.38,59.38
A Turkmen,112.07,112.07,112.07,112.07,112.07,112.07,112.07
Ilyas Ataullah,153.33,153.33,153.33,153.33,153.33,153.33,153.33
TJG Pringle,109.76,112.99,66.67,50.0,109.76,109.76,109.76
H Carlyon,123.53,123.53,123.53,123.53,123.53,123.53,123.53
J Singye,117.05,117.05,117.05,117.05,117.05,117.05,117.05
Ahmed Hassan,131.58,131.58,131.58,131.58,131.58,131.58,131.58
Ibrahim Nashath,83.61,83.61,83.61,83.61,83.61,83.61,83.61
K Senamontree,54.9,54.9,54.9,54.9,54.9,54.9,54.9
T Yotharat,40.0,40.0,40.0,40.0,40.0,40.0,40.0
J Pakhiaokajee,110.53,110.53,110.53,110.53,110.53,110.53,110.53
C Chatphaisan,134.78,134.78,134.78,134.78,134.78,134.78,134.78
S Ivetic,124.56,124.56,124.56,124.56,124.56,124.56,124.56
G Burrows,136.84,136.84,136.84,136.84,136.84,136.84,136.84
D Jansen,108.7,108.7,108.7,108.7,108.7,108.7,108.7
AK Mohan,120.83,120.83,120.83,120.83,120.83,120.83,120.83
R Nath,31.25,31.25,31.25,31.25,31.25,31.25,31.25
JM Vujinovich,75.86,75.86,75.86,75.86,75.86,75.86,75.86
DJ Turkich,120.0,120.0,120.0,120.0,120.0,120.0,120.0
A Gasteratos,36.0,36.0,36.0,36.0,36.0,36.0,36.0
C Bogdanos,89.29,89.29,89.29,89.29,89.29,89.29,89.29
RJG Palmer,50.0,50.0,50.0,50.0,50.0,50.0,50.0
R Mazumder,152.54,152.54,152.54,152.54,152.54,152.54,152.54
Gurpratap Singh,94.74,94.74,94.74,94.74,94.74,94.74,94.74
Muhammad Farooq,135.29,135.29,135.29,135.29,135.29,135.29,135.29
Gaurav Mishra,130.23,130.23,130.23,130.23,130.23,130.23,130.23
MV Pavlovic,80.0,80.0,80.0,80.0,80.0,80.0,80.0
Atif Rasheed,205.0,205.0,205.0,205.0,205.0,205.0,205.0
AJ Mosca,86.11,86.11,86.11,86.11,86.11,86.11,86.11
HJ Manenti,121.15,121.15,121.15,121.15,121.15,121.15,121.15
J Grzinic,52.17,52.17,52.17,52.17,52.17,52.17,52.17
B Jerkovic,52.38,52.38,52.38,52.38,52.38,52.38,52.38
AT Nidamanuru,154.1,154.1,154.1,154.1,154.1,154.1,154.1
Shariz Ahmad,130.43,160.0,66.67,130.43,130.43,80.0,130.43
MG Bracewell,144.44,144.44,178.95,33.33,50.0,144.44,100.0
Iftekar Jaman,138.71,138.71,138.71,138.71,138.71,138.71,138.71
WAE Burton,211.54,211.54,211.54,211.54,211.54,211.54,211.54
SD Valjalo,91.67,91.67,91.67,91.67,91.67,91.67,91.67
J Butler,95.65,95.65,95.65,95.65,95.65,95.65,95.65
GG Alta,117.65,117.65,117.65,117.65,117.65,117.65,117.65
D Cleaver,166.67,166.67,166.67,166.67,166.67,166.67,166.67
A Nathwani,68.57,68.57,68.57,68.57,68.57,68.57,68.57
Atif Kamal,52.38,52.38,52.38,52.38,52.38,52.38,52.38
JC Martin,106.45,106.45,106.45,106.45,106.45,106.45,106.45
R Dhiman,100.0,100.0,100.0,100.0,100.0,100.0,100.0
Sulaiman Ali,176.47,176.47,176.47,176.47,176.47,176.47,176.47
G Mckeon,203.33,204.0,203.33,200.0,203.33,203.33,203.33
Zain Ahmad,44.44,44.44,44.44,44.44,44.44,44.44,44.44
L Canessane,170.69,170.69,170.69,170.69,170.69,170.69,170.69
Abdul Rahman,115.38,115.38,115.38,115.38,115.38,115.38,115.38
UNGB Thenannahelage,86.96,86.96,86.96,86.96,86.96,86.96,86.96
Awais Ikram,85.0,85.0,85.0,85.0,85.0,85.0,85.0
K Fletcher,50.0,50.0,50.0,50.0,50.0,50.0,50.0
Anoop Orsu,148.7,148.7,148.7,148.7,148.7,148.7,148.7
T Stubbs,157.05,156.93,200.0,0.0,100.0,0.0,157.05
FH Allen,192.31,192.31,192.31,192.31,192.31,192.31,192.31
CB Sole,77.27,77.27,77.27,77.27,77.27,77.27,77.27
Umair Tariq,123.53,123.53,123.53,123.53,123.53,123.53,123.53
Faheem Nazir,203.57,203.57,203.57,203.57,203.57,203.57,203.57
Ali Masood,142.31,147.83,142.31,100.0,142.31,142.31,142.31
P Pustoslemsek,93.33,93.33,93.33,93.33,93.33,93.33,93.33
Shahid Arshad,100.0,100.0,100.0,100.0,100.0,100.0,100.0
Waqar Khan,132.0,132.0,132.0,132.0,132.0,132.0,132.0
Elias Hasan,126.09,142.11,126.09,50.0,126.09,126.09,126.09
A Paul,79.41,75.86,79.41,100.0,79.41,79.41,79.41
GT Main,70.59,70.59,70.59,70.59,70.59,70.59,70.59
AS Joseph,95.76,103.33,90.48,0.0,0.0,20.0,95.76
Ayyaz Qureshi,63.33,63.33,63.33,63.33,63.33,63.33,63.33
DK Pallekonda,43.75,43.75,43.75,43.75,43.75,43.75,43.75
Nazmul Hossain Shanto,125.71,130.3,125.71,50.0,125.71,125.71,125.71
IDA Damarell,172.73,172.73,172.73,172.73,172.73,172.73,172.73
A Martel,114.89,114.89,114.89,114.89,114.89,114.89,114.89
Ibrahim Jabarkhel,88.46,88.46,88.46,88.46,88.46,88.46,88.46
R Mangal,37.5,37.5,37.5,37.5,37.5,37.5,37.5
DC Thomas,200.0,316.67,83.33,200.0,200.0,200.0,200.0
Hasan Mahmud,108.89,109.09,100.0,108.89,108.89,108.89,108.89
R Klein,155.36,155.36,155.36,155.36,155.36,155.36,155.36
ED Silva,225.64,225.64,225.64,225.64,225.64,225.64,225.64
Mohamed Shafeeq,90.0,90.0,90.0,90.0,90.0,90.0,90.0
Sachin Kumar,113.33,113.33,113.33,113.33,113.33,113.33,113.33
Shahid Mahmood,80.77,80.77,80.77,80.77,80.77,80.77,80.77
SSJ Brooks,72.73,72.73,72.73,72.73,72.73,72.73,72.73
AR Puri,67.92,67.92,67.92,67.92,67.92,67.92,67.92
CK Jasmat,139.77,139.77,139.77,139.77,139.77,139.77,139.77
DP Michael,135.29,135.29,135.29,135.29,135.29,135.29,135.29
SF Tiai,161.11,161.11,161.11,161.11,161.11,161.11,161.11
D Finau,162.5,162.5,162.5,162.5,162.5,162.5,162.5
A Mansale,141.98,141.98,141.98,141.98,141.98,141.98,141.98
W Wotu,150.0,150.0,150.0,150.0,150.0,150.0,150.0
C Dickson,57.89,57.89,57.89,57.89,57.89,57.89,57.89
L Denny,94.74,94.74,94.74,94.74,94.74,94.74,94.74
AJ Michael,80.95,80.95,80.95,80.95,80.95,80.95,80.95
JD Baker,150.0,150.0,150.0,150.0,150.0,150.0,150.0
S Sola,57.58,57.58,57.58,57.58,57.58,57.58,57.58
S Ravoka,70.83,70.83,70.83,70.83,70.83,70.83,70.83
PV Vuniwaqa,209.38,209.38,209.38,209.38,209.38,209.38,209.38
M Beitaki,209.09,209.09,209.09,209.09,209.09,209.09,209.09
F Suluoto,125.2,125.2,125.2,125.2,125.2,125.2,125.2
MTMMJ Ave,175.93,175.93,175.93,175.93,175.93,175.93,175.93
J Baleicikoibia,192.31,192.31,192.31,192.31,192.31,192.31,192.31
J Batinibulu,50.0,50.0,50.0,50.0,50.0,50.0,50.0
TS Waqavakatoga,134.62,134.62,134.62,134.62,134.62,134.62,134.62
T Kaisala,72.73,72.73,72.73,72.73,72.73,72.73,72.73
T Parima,180.0,180.0,180.0,180.0,180.0,180.0,180.0
B Maphosa,84.38,84.38,84.38,84.38,84.38,84.38,84.38
M Mooketsi,57.14,57.14,57.14,57.14,57.14,57.14,57.14
AR Ramjani,153.27,153.27,153.27,153.27,153.27,153.27,153.27
SM Tupou,166.67,166.67,166.67,166.67,166.67,166.67,166.67
JP Kaltapau,100.0,100.0,100.0,100.0,100.0,100.0,100.0
P Murungi,133.33,133.33,133.33,133.33,133.33,133.33,133.33
R Baaleri,84.31,84.31,84.31,84.31,84.31,84.31,84.31
AP Rajeevan,132.77,132.77,132.77,132.77,132.77,132.77,132.77
Akhil Anil,158.75,157.89,158.75,158.75,175.0,158.75,158.75
M Yunusu Issa,144.79,144.79,144.79,144.79,144.79,144.79,144.79
D Jakiel,93.24,93.24,93.24,93.24,93.24,93.24,93.24
G Kansonkho,81.08,81.08,81.08,81.08,81.08,81.08,81.08
Yasir Ali Chowdhury,171.05,171.05,171.05,171.05,171.05,171.05,171.05
Zawar Farid,145.83,145.83,145.83,145.83,145.83,145.83,145.83
Mohammed Siraj,87.5,88.89,100.0,0.0,87.5,87.5,87.5
NT Ellis,63.64,62.16,75.0,63.64,63.64,66.67,63.64
S Ravichandran,174.17,174.17,174.17,174.17,174.17,174.17,174.17
S Kimura,53.33,53.33,53.33,53.33,53.33,53.33,53.33
L Yamamoto-Lake,200.0,200.0,200.0,200.0,200.0,200.0,200.0
GA Priandana,123.81,123.81,123.81,123.81,123.81,123.81,123.81
DJ Hawoe,140.94,140.48,140.94,140.94,140.94,140.94,200.0
Ahmad Ramdoni,118.64,118.8,118.64,118.64,118.64,118.64,100.0
IK Gamantika,123.63,126.14,123.63,123.63,123.63,123.63,50.0
D Suzuki,107.8,107.8,107.8,107.8,107.8,107.8,107.8
P Kumbhare,55.56,55.56,55.56,55.56,55.56,55.56,55.56
M Taniyama,86.17,86.17,86.17,86.17,86.17,86.17,86.17
R Drake,90.0,90.0,90.0,90.0,90.0,90.0,90.0
KC Ramamoorthy,157.58,157.58,157.58,157.58,157.58,157.58,157.58
IKEG Artawan,112.11,111.87,112.11,112.11,112.11,112.11,125.0
PR Surve,156.05,156.05,156.05,156.05,156.05,156.05,156.05
F Banunaek,81.71,81.71,81.71,81.71,81.71,81.71,81.71
RM Koda,51.11,51.11,51.11,51.11,51.11,51.11,51.11
R Sakurano-Thomas,125.25,125.25,125.25,125.25,125.25,125.25,125.25
MA Jones,258.33,258.33,258.33,258.33,258.33,258.33,258.33
F Hand,93.75,93.75,93.75,93.75,93.75,93.75,93.75
Mohammed Shami,63.64,63.64,63.64,63.64,63.64,63.64,63.64
Gurpreet Singh,160.0,160.0,160.0,160.0,160.0,160.0,160.0
M Campopiano,144.68,144.68,144.68,144.68,144.68,144.68,144.68
J van Heerden,210.0,210.0,210.0,210.0,210.0,210.0,210.0
Anik Ahmed,129.63,129.63,129.63,129.63,129.63,129.63,129.63
Mohammad Ihsan,152.87,152.87,152.87,152.87,152.87,152.87,152.87
Haseeb Ghafoor,127.27,127.27,127.27,127.27,127.27,127.27,127.27
Ishtiaq Ahmad,134.38,134.38,134.38,134.38,134.38,134.38,134.38
Atif-Ur-Rehman,90.0,90.0,90.0,90.0,90.0,90.0,90.0
Sohail Ahmed,171.43,171.43,171.43,171.43,171.43,171.43,171.43
Pargat Singh,196.67,196.67,196.67,196.67,196.67,196.67,196.67
S Movva,132.5,132.5,132.5,132.5,132.5,132.5,132.5
A Johnson,261.54,261.54,261.54,261.54,261.54,261.54,261.54
Irshad Mubbashar,91.11,91.11,91.11,91.11,91.11,91.11,91.11
Usman Najeeb,135.71,135.71,135.71,135.71,135.71,135.71,135.71
T Perera,102.0,102.0,102.0,102.0,102.0,102.0,102.0
D Maisuria,66.13,66.13,66.13,66.13,66.13,66.13,66.13
B Khumalo,59.46,59.46,59.46,59.46,59.46,59.46,59.46
E Sebareme,98.19,98.19,98.19,98.19,98.19,98.19,98.19
D Ndikubwimana,86.25,86.25,86.25,86.25,86.25,86.25,86.25
E Niyomugabo,92.86,92.86,92.86,92.86,92.86,92.86,92.86
S Crowie,100.0,100.0,100.0,100.0,100.0,100.0,100.0
BK Stroud,40.43,40.43,40.43,40.43,40.43,40.43,40.43
G Johnson,16.67,16.67,16.67,16.67,16.67,16.67,16.67
Tanzeel Sheikh,200.0,200.0,200.0,200.0,200.0,200.0,200.0
STRA de Silva,150.0,150.0,150.0,150.0,150.0,150.0,150.0
Rizwan Butt,126.95,126.95,126.95,126.95,126.95,126.95,126.95
JJ Huo,179.07,132.43,179.07,179.07,466.67,179.07,179.07
DB Loic,100.0,100.0,100.0,100.0,100.0,100.0,100.0
AN Aminou,120.0,120.0,120.0,120.0,120.0,120.0,120.0
J Bangura,90.0,90.0,90.0,90.0,90.0,90.0,90.0
Ismaila Tanba,107.69,107.69,107.69,107.69,107.69,107.69,107.69
Muhammed Manga,152.38,152.38,152.38,152.38,152.38,152.38,152.38
ML Bojang,62.5,62.5,62.5,62.5,62.5,62.5,62.5
P Campbell,51.72,51.72,51.72,51.72,51.72,51.72,51.72
C Udekwe,90.0,90.0,90.0,90.0,90.0,90.0,90.0
A Shreshta,176.92,190.0,176.92,176.92,133.33,176.92,176.92
J Baguma,66.67,66.67,66.67,66.67,66.67,66.67,66.67
RG Mukasa,110.0,110.0,110.0,110.0,110.0,110.0,110.0
MO Kitunda,87.84,87.32,87.84,87.84,100.0,87.84,87.84
O Tuyisenge,126.53,126.53,126.53,126.53,126.53,126.53,126.53
O Manishimwe,111.97,111.97,111.97,111.97,111.97,111.97,111.97
I Ntirenganya,69.44,69.44,69.44,69.44,69.44,69.44,69.44
JJ Nyambo,39.13,39.13,39.13,39.13,39.13,39.13,39.13
E Kubwimana,77.27,77.27,77.27,77.27,77.27,77.27,77.27
YM Nkanya,29.03,29.03,29.03,29.03,29.03,29.03,29.03
Shivam Mavi,155.56,175.0,155.56,125.0,155.56,100.0,155.56
C Madande,162.43,162.43,162.43,162.43,162.43,162.43,162.43
JA Duffy,102.78,106.06,102.78,102.78,102.78,66.67,102.78
Shubman Gill,222.22,222.22,222.22,222.22,222.22,222.22,222.22
AAP Rivero,100.0,100.0,100.0,100.0,100.0,100.0,100.0
P Arrighi,71.43,71.43,71.43,71.43,71.43,71.43,71.43
LA Musiani,100.0,100.0,100.0,100.0,100.0,100.0,100.0
A Kirschbaum,138.71,138.71,138.71,138.71,138.71,138.71,138.71
D Mauro,62.5,62.5,62.5,62.5,62.5,62.5,62.5
Sohel Patel,165.0,165.0,165.0,165.0,165.0,165.0,165.0
VC Ahir,118.18,118.18,118.18,118.18,118.18,118.18,118.18
A Natubhai Ahir,114.29,114.29,114.29,114.29,114.29,114.29,114.29
RDB Ahir,98.0,98.0,98.0,98.0,98.0,98.0,98.0
FL Patel,100.0,100.0,100.0,100.0,100.0,100.0,100.0
AM Patel,69.05,69.05,69.05,69.05,69.05,69.05,69.05
A Wright,37.14,37.14,37.14,37.14,37.14,37.14,37.14
T Manders,156.25,156.25,156.25,156.25,156.25,156.25,156.25
J Buchanan,63.64,63.64,63.64,63.64,63.64,63.64,63.64
P Chin,68.57,68.57,68.57,68.57,68.57,68.57,68.57
D Johnson,108.45,108.45,108.45,108.45,108.45,108.45,108.45
BM Duckett,122.58,125.0,122.58,122.58,122.58,100.0,122.58
Yasim Murtaza,136.99,136.99,136.99,136.99,136.99,136.99,136.99
A Gorawara,121.43,121.43,121.43,121.43,121.43,121.43,121.43
Sayed Monib,168.89,168.89,168.89,168.89,168.89,168.89,168.89
Ali Zaheer,116.67,116.67,116.67,116.67,116.67,116.67,116.67
Rehan Ahmed,127.03,121.21,127.03,127.03,127.03,175.0,127.03
Towhid Hridoy,144.05,140.12,144.05,250.0,144.05,144.05,144.05
GI Hume,109.52,111.11,100.0,109.52,109.52,109.52,109.52
M Machado,183.87,183.87,183.87,183.87,183.87,183.87,183.87
Amandeep Singh,130.16,130.16,130.16,130.16,130.16,130.16,130.16
Amir Zaib,209.3,209.3,209.3,209.3,209.3,209.3,209.3
J Horrocks,94.34,94.34,94.34,94.34,94.34,94.34,94.34
Naseem Shah,110.26,86.21,250.0,110.26,133.33,110.26,110.26
Fazil Rahman,63.64,63.64,63.64,63.64,63.64,63.64,63.64
K Mirpuri,108.22,108.22,108.22,108.22,108.22,108.22,108.22
Chaudhary Akram,139.47,139.47,139.47,139.47,139.47,139.47,139.47
Javed Maroofkhail,128.57,128.57,128.57,128.57,128.57,128.57,128.57
Qamar Mushtaque,119.77,121.18,119.77,0.0,119.77,119.77,119.77
M Shahbaz Butt,137.5,137.5,137.5,137.5,137.5,137.5,137.5
Lucky Ali,114.29,114.29,114.29,114.29,114.29,114.29,114.29
Akhil Arjunan,101.89,101.89,101.89,101.89,101.89,101.89,101.89
Faheem Nellancheri,151.02,151.02,151.02,151.02,151.02,151.02,151.02
Raaz Mohammad,78.57,78.57,78.57,78.57,78.57,78.57,78.57
Parveen Kumar,61.54,61.54,61.54,61.54,61.54,61.54,61.54
E Rukiriza,86.15,86.15,86.15,86.15,86.15,86.15,86.15
K Piet,72.0,72.0,72.0,72.0,72.0,72.0,72.0
B Kgosiemang,45.24,45.24,45.24,45.24,45.24,45.24,45.24
Murat Yilmaz,37.93,37.93,37.93,37.93,37.93,37.93,37.93
Muhammed Turkmen,100.0,100.0,100.0,100.0,100.0,100.0,100.0
V Zanko,54.55,54.55,54.55,54.55,54.55,54.55,54.55
H Hajnic,5.56,5.56,5.56,5.56,5.56,5.56,5.56
D Faletar,36.36,36.36,36.36,36.36,36.36,36.36,36.36
WK Bitis,100.0,100.0,100.0,100.0,100.0,100.0,100.0
RGA Amah,45.45,45.45,45.45,45.45,45.45,45.45,45.45
J Bulele,142.86,142.86,142.86,142.86,142.86,142.86,142.86
SM Warnakulasuriya,85.71,85.71,85.71,85.71,85.71,85.71,85.71
Usman Khan,127.23,128.11,127.23,127.23,100.0,127.23,127.23
Fanyan Mughal,117.86,117.86,117.86,117.86,117.86,117.86,117.86
Waqas Ahmad,163.24,163.24,163.24,163.24,163.24,163.24,163.24
C Sudarsanan,63.41,63.41,63.41,63.41,63.41,63.41,63.41
Jaspal Singh,138.26,138.26,138.26,138.26,138.26,138.26,138.26
G Venkateswaran,126.42,126.42,126.42,126.42,126.42,126.42,126.42
Mukhtar Ghulami,143.48,143.48,143.48,143.48,143.48,143.48,143.48
E Jabarkhel,89.66,89.66,89.66,89.66,89.66,89.66,89.66
M Koli,105.06,105.06,105.06,105.06,105.06,105.06,105.06
R Kumar,168.0,168.0,168.0,168.0,168.0,168.0,168.0
CJPF Kalugamage,85.71,85.71,85.71,85.71,85.71,85.71,85.71
JS Henriksen,103.45,103.45,103.45,103.45,103.45,103.45,103.45
Abdullah Mahmood,73.68,73.68,73.68,73.68,73.68,73.68,73.68
WL Madsen,165.22,165.22,165.22,165.22,165.22,165.22,165.22
JAD Lawrenson,108.33,108.33,108.33,108.33,108.33,108.33,108.33
C Brennan,132.1,132.1,132.1,132.1,132.1,132.1,132.1
K Kadowaki-Fleming,187.69,187.69,187.69,187.69,187.69,187.69,187.69
I Takahashi,175.71,175.71,175.71,175.71,175.71,175.71,175.71
ASF Sirah,111.11,111.11,111.11,111.11,111.11,111.11,111.11
BJ McMullen,159.26,178.26,159.26,159.26,50.0,159.26,159.26
A Randhawa,86.05,86.05,86.05,86.05,86.05,86.05,86.05
D Wotu,118.75,118.75,118.75,118.75,118.75,118.75,118.75
JEA Doctora,81.48,81.48,81.48,81.48,81.48,81.48,81.48
G Stewart,163.24,163.24,163.24,163.24,163.24,163.24,163.24
E Karimi,33.33,33.33,33.33,33.33,33.33,33.33,33.33
J Kariko,77.78,77.78,77.78,77.78,77.78,77.78,77.78
W Miyauchi,118.06,118.06,118.06,118.06,118.06,118.06,118.06
KDA Lukies,103.03,103.03,103.03,103.03,103.03,103.03,103.03
S Loday,85.42,85.42,85.42,85.42,85.42,85.42,85.42
K Ghalley,100.0,100.0,100.0,100.0,100.0,100.0,100.0
Swann Htet Ko Ko,60.71,60.71,60.71,60.71,60.71,60.71,60.71
Y Naing Tun,79.03,79.03,79.03,79.03,79.03,79.03,79.03
Nay Lin Htun,81.25,81.25,81.25,81.25,81.25,81.25,81.25
Aung Ko Ko,35.0,35.0,35.0,35.0,35.0,35.0,35.0
H Lin Oo,101.92,101.92,101.92,101.92,101.92,101.92,101.92
Zahid Zadran,72.73,72.73,72.73,72.73,72.73,72.73,72.73
PB Gouge,80.95,80.95,80.95,80.95,80.95,80.95,80.95
T Takada,113.33,113.33,113.33,113.33,113.33,113.33,113.33
LJ Myott,88.89,88.89,88.89,88.89,88.89,88.89,88.89
Tenjin Rabgey,172.0,172.0,172.0,172.0,172.0,172.0,172.0
H Lin Aung,72.22,72.22,72.22,72.22,72.22,72.22,72.22
Paing Danu,48.78,48.78,48.78,48.78,48.78,48.78,48.78
Nyeing Cham Soe,87.27,87.27,87.27,87.27,87.27,87.27,87.27
Chen Zhuo Yue,72.73,72.73,72.73,72.73,72.73,72.73,72.73
Abbas Ghani,205.0,205.0,205.0,205.0,205.0,205.0,205.0
A Prashar,174.6,174.6,174.6,174.6,174.6,174.6,174.6
Tilak Varma,158.39,162.07,233.33,125.0,16.67,158.39,158.39
SD Hope,147.73,148.84,147.73,147.73,100.0,147.73,147.73
Asif Bevinje,158.33,158.33,158.33,158.33,158.33,158.33,158.33
M Prasanna,171.43,171.43,171.43,171.43,171.43,171.43,171.43
Luca Petre,92.31,92.31,92.31,92.31,92.31,92.31,92.31
G Thakur,75.0,75.0,75.0,75.0,75.0,75.0,75.0
R Athapaththu,142.42,142.42,142.42,142.42,142.42,142.42,142.42
RD Gaikwad,232.73,235.19,232.73,232.73,100.0,232.73,232.73
RK Singh,178.26,177.65,178.26,178.26,178.26,178.26,200.0
E Mathew,101.85,101.85,101.85,101.85,101.85,101.85,101.85
CN Kakuru,101.43,101.43,101.43,101.43,101.43,101.43,101.43
II Selemani,217.65,217.65,217.65,217.65,217.65,217.65,217.65
Shaik Basha,82.35,82.35,82.35,82.35,82.35,82.35,82.35
AM Hardie,157.14,162.0,100.0,157.14,157.14,157.14,125.0
JM Iradukunda,100.0,100.0,100.0,100.0,100.0,100.0,100.0
I Mugisha,117.24,117.24,117.24,117.24,117.24,117.24,117.24
AAP Atkinson,50.0,50.0,50.0,50.0,50.0,50.0,50.0
G Coetzee,140.35,146.81,111.11,140.35,100.0,140.35,140.35
D Ferreira,193.94,203.57,140.0,193.94,193.94,193.94,193.94
BA Carse,144.44,144.44,144.44,144.44,144.44,144.44,144.44
Muhammad Tanveer,180.37,180.37,180.37,180.37,180.37,180.37,180.37
H Rathod,143.62,143.62,143.62,143.62,143.62,143.62,143.62
Bukhar Illikkal,63.64,63.64,63.64,63.64,63.64,63.64,63.64
I Liyanage,134.88,134.88,134.88,134.88,134.88,134.88,134.88
MM Baig,156.6,156.6,156.6,156.6,156.6,156.6,156.6
Parvindar Kumar,119.23,119.23,119.23,119.23,119.23,119.23,119.23
Yasin Patel,101.8,101.8,101.8,101.8,101.8,101.8,101.8
Jassim Khan,200.0,200.0,200.0,200.0,200.0,200.0,200.0
Mohammad Ahnaff,115.0,115.0,115.0,115.0,115.0,115.0,115.0
Ben Jones,135.71,135.71,135.71,135.71,135.71,135.71,135.71
Bilal Masud,149.09,149.09,149.09,149.09,149.09,149.09,149.09
Sahil Chauhan,194.29,198.53,194.29,50.0,194.29,194.29,194.29
D Robson,75.0,75.0,75.0,75.0,75.0,75.0,75.0
Arslan Amjad,178.79,178.79,178.79,178.79,178.79,178.79,178.79
Gulsan Jha,152.02,153.22,50.0,152.02,152.02,152.02,152.02
KTK Rodrigo,125.81,125.81,125.81,125.81,125.81,125.81,125.81
Meet Bhavsar,145.31,145.31,145.31,145.31,145.31,145.31,145.31
Muhammad Murad,78.79,78.79,78.79,78.79,78.79,78.79,78.79
Mohammed Irshad,168.97,168.97,168.97,168.97,168.97,168.97,168.97
Waqar Ul Hassan,138.89,138.89,138.89,138.89,138.89,138.89,138.89
Abdul Waheed,160.38,160.38,160.38,160.38,160.38,160.38,160.38
Manan Ali,170.0,170.0,170.0,170.0,170.0,170.0,170.0
Z Burgess,135.0,135.0,135.0,135.0,135.0,135.0,135.0
D Sabir,129.09,129.09,129.09,129.09,129.09,129.09,129.09
Kaleem Sana,111.11,126.09,25.0,111.11,111.11,111.11,111.11
JKC Ahir,40.0,40.0,40.0,40.0,40.0,40.0,40.0
Abdulla Bhoola,70.0,70.0,70.0,70.0,70.0,70.0,70.0
AA Gajic,37.5,37.5,37.5,37.5,37.5,37.5,37.5
P Nedeljkovic,84.0,84.0,84.0,84.0,84.0,84.0,84.0
Muhammad Nadir,81.95,81.95,81.95,81.95,81.95,81.95,81.95
R Coker,92.31,92.31,92.31,92.31,92.31,92.31,92.31
Hamza Khan,143.24,143.24,143.24,143.24,143.24,143.24,143.24
KM Awala,66.67,66.67,66.67,66.67,66.67,66.67,66.67
I Danladi,131.21,131.21,131.21,131.21,131.21,131.21,131.21
Syed Aqeel Israr,100.0,100.0,100.0,100.0,100.0,100.0,100.0
E Dusingizimana,66.67,66.67,66.67,66.67,66.67,66.67,66.67
G Ngegba,167.31,167.31,167.31,167.31,167.31,167.31,167.31
I Kamara,16.67,16.67,16.67,16.67,16.67,16.67,16.67
KJ Stagno,225.0,225.0,225.0,225.0,225.0,225.0,225.0
T Martin,179.17,179.17,179.17,179.17,179.17,179.17,179.17
Milad Momend,16.0,16.0,16.0,16.0,16.0,16.0,16.0
A Shukla,57.89,57.89,57.89,57.89,57.89,57.89,57.89
Zeeshan Ali,155.88,156.88,250.0,50.0,75.0,155.88,155.88
A Sharafu,136.43,137.8,50.0,136.43,136.43,136.43,136.43
Ali Naseer,136.23,134.81,136.23,136.23,136.23,200.0,136.23
Nilansh Keswani,144.12,144.12,144.12,144.12,144.12,144.12,144.12
Akif Raja,114.29,114.29,114.29,114.29,114.29,114.29,114.29
Aasif Sheikh,116.67,130.77,116.67,116.67,116.67,116.67,25.0
Joshua Asia,25.0,25.0,25.0,25.0,25.0,25.0,25.0
Edward Taylor,53.85,53.85,53.85,53.85,53.85,53.85,53.85
M Coetzee,73.33,73.33,73.33,73.33,73.33,73.33,73.33
Aayan Afzal Khan,94.81,97.3,94.81,94.81,94.81,33.33,94.81
N Davin,104.55,104.55,104.55,104.55,104.55,104.55,104.55
Alfredo Puentes,18.75,18.75,18.75,18.75,18.75,18.75,18.75
Puneet Arora,148.0,148.0,148.0,148.0,148.0,148.0,148.0
Shantanu Kaveri,95.31,95.31,95.31,95.31,95.31,95.31,95.31
Tarun Sharma,158.82,158.82,158.82,158.82,158.82,158.82,158.82
Lucas Rossi,77.78,77.78,77.78,77.78,77.78,77.78,77.78
N Rana,60.0,60.0,60.0,60.0,60.0,60.0,60.0
RTM Mendis,70.83,69.57,100.0,70.83,70.83,70.83,70.83
Ahmadullah Shinwari,93.75,93.75,93.75,93.75,93.75,93.75,93.75
Usman Arif,220.69,192.0,220.69,220.69,220.69,220.69,400.0
Faizan Mumtaz,60.0,60.0,60.0,60.0,60.0,60.0,60.0
U Shahid,141.18,141.18,141.18,141.18,141.18,141.18,141.18
W Boshoff,150.0,150.0,150.0,150.0,150.0,150.0,150.0
Khalid Zahid,122.95,122.95,122.95,122.95,122.95,122.95,122.95
Baz Aybui,50.0,50.0,50.0,50.0,50.0,50.0,50.0
Lemar Momand,36.36,36.36,36.36,36.36,36.36,36.36,36.36
ARA Chambers,131.82,131.82,131.82,131.82,131.82,131.82,131.82
Mohammad Nawaz,149.09,154.1,0.0,127.27,71.43,149.09,149.09
Sameer Patel,175.0,175.0,175.0,175.0,175.0,175.0,175.0
TD Chaoana,86.96,86.96,86.96,86.96,86.96,86.96,86.96
Ali Khan,125.0,125.0,125.0,125.0,125.0,125.0,125.0
M Simmons,123.08,123.08,123.08,123.08,123.08,123.08,123.08
JS Malhotra,190.0,190.0,190.0,190.0,190.0,190.0,190.0
K Hinds,168.09,168.09,168.09,168.09,168.09,168.09,168.09
JR Barry,78.49,78.49,78.49,78.49,78.49,78.49,78.49
MS Graham,58.33,58.33,58.33,58.33,58.33,58.33,58.33
S Singh,129.03,129.03,129.03,129.03,129.03,129.03,129.03
Shan Masood,126.83,117.65,125.0,126.83,175.0,200.0,126.83
Mohammad Haris,166.04,186.67,66.67,166.04,166.04,40.0,166.04
Fayaz Khan,167.27,167.27,167.27,167.27,167.27,167.27,167.27
Shoaib Khan,125.0,125.0,125.0,125.0,125.0,125.0,125.0
Muhammad Amir,87.5,87.5,87.5,87.5,87.5,87.5,87.5
J Trembeath-Moro,130.77,130.77,130.77,130.77,130.77,130.77,130.77
LT Bichard,62.86,62.86,62.86,62.86,62.86,62.86,62.86
W Behr,123.08,123.08,123.08,123.08,123.08,123.08,123.08
Zaker Taqawi,72.73,72.73,72.73,72.73,72.73,72.73,72.73
Ismaeel Zia,81.82,81.82,81.82,81.82,81.82,81.82,81.82
Azam Khalil,127.59,127.59,127.59,127.59,127.59,127.59,127.59
Hamid Mahmood,146.0,146.0,146.0,146.0,146.0,146.0,146.0
Syed Maisam Ali,160.0,160.0,160.0,160.0,160.0,160.0,160.0
Omid Mailk Khel,137.5,137.5,137.5,137.5,137.5,137.5,137.5
Muhammad Fahim,69.57,69.57,69.57,69.57,69.57,69.57,69.57
Sirajullah Khadim,58.33,58.33,58.33,58.33,58.33,58.33,58.33
A Venkatesh,130.0,130.0,130.0,130.0,130.0,130.0,130.0
Saqib Naveed,28.57,28.57,28.57,28.57,28.57,28.57,28.57
Ibrahim Rahimi,215.0,215.0,215.0,215.0,215.0,215.0,215.0
R Gaznavi,129.41,129.41,129.41,129.41,129.41,129.41,129.41
B Dugic,31.25,31.25,31.25,31.25,31.25,31.25,31.25
Aamer Jamal,211.11,211.11,211.11,211.11,211.11,211.11,211.11
Avi Dixit,102.44,102.44,102.44,102.44,102.44,102.44,102.44
KP Meiyappan,87.5,87.5,87.5,87.5,87.5,87.5,87.5
Aman Desai,88.0,88.0,88.0,88.0,88.0,88.0,88.0
Gagandeep Singh,96.67,96.67,96.67,96.67,96.67,96.67,96.67
Anjar Tadarus,118.52,118.52,118.52,118.52,118.52,118.52,118.52
A Patmore,104.44,104.44,104.44,104.44,104.44,104.44,104.44
Kim Daeyeon,60.53,60.53,60.53,60.53,60.53,60.53,60.53
Raja Shoaib,116.67,116.67,116.67,116.67,116.67,116.67,116.67
Lee Kangmin,75.0,75.0,75.0,75.0,75.0,75.0,75.0
Mudassir Iqbal,70.59,70.59,70.59,70.59,70.59,70.59,70.59
AN Hyobeom,38.46,38.46,38.46,38.46,38.46,38.46,38.46
Asif Iqbal,46.15,46.15,46.15,46.15,46.15,46.15,46.15
Khan Arbaaz,120.0,120.0,120.0,120.0,120.0,120.0,120.0
LM Gabriel,133.33,133.33,133.33,133.33,133.33,133.33,133.33
ME Leoela,22.22,22.22,22.22,22.22,22.22,22.22,22.22
S Kamate,63.64,63.64,63.64,63.64,63.64,63.64,63.64
N Krishna,56.25,56.25,56.25,56.25,56.25,56.25,56.25
T Sandeep,117.65,117.65,117.65,117.65,117.65,117.65,117.65
H Rashid,95.65,95.65,95.65,95.65,95.65,95.65,95.65
Naeem Gull,121.05,121.05,121.05,121.05,121.05,121.05,121.05
Eric Phiri,90.0,90.0,90.0,90.0,90.0,90.0,90.0
Mohammed Alamgir,169.23,169.23,169.23,169.23,169.23,169.23,169.23
Rafiullah,171.91,171.91,171.91,171.91,171.91,171.91,171.91
S Shrivastava,92.5,92.5,92.5,92.5,92.5,92.5,92.5
Ahmer Bin Nisar,159.6,159.6,159.6,159.6,159.6,159.6,159.6
Saad Khan,193.33,193.33,193.33,193.33,193.33,193.33,193.33
Dharmang Patel,83.33,83.33,83.33,83.33,83.33,83.33,83.33
VN Veetil,166.67,166.67,166.67,166.67,166.67,166.67,166.67
Ikramullah Khan,140.78,140.78,140.78,140.78,140.78,140.78,140.78
V Hampihallikar,50.0,50.0,50.0,50.0,50.0,50.0,50.0
Aslam Khan,112.82,112.82,112.82,112.82,112.82,112.82,112.82
NA Karnik,70.0,70.0,70.0,70.0,70.0,70.0,70.0
Rizwan Haider,128.57,128.57,128.57,128.57,128.57,128.57,128.57
D Doyle-Calle,230.77,230.77,230.77,230.77,230.77,230.77,230.77
C Webster,144.44,144.44,144.44,144.44,144.44,144.44,144.44
YSD Seneveratne,207.55,207.55,207.55,207.55,207.55,207.55,207.55
Festus Benn,116.67,116.67,116.67,116.67,116.67,116.67,116.67
D Wheatley,60.78,60.78,60.78,60.78,60.78,60.78,60.78
T Brown,27.27,27.27,27.27,27.27,27.27,27.27,27.27
J Jemison,82.81,82.81,82.81,82.81,82.81,82.81,82.81
NH Ekanayake,53.85,53.85,53.85,53.85,53.85,53.85,53.85
S Vijay Unni,100.0,100.0,100.0,100.0,100.0,100.0,100.0
Ali Dawood,79.73,79.73,79.73,79.73,79.73,79.73,79.73
Abdul Majid Abbasi,61.82,61.82,61.82,61.82,61.82,61.82,61.82
Suman Ghimire,175.0,175.0,175.0,175.0,175.0,175.0,175.0
Abdul Naser Baluch,64.86,64.86,64.86,64.86,64.86,64.86,64.86
Mohammed Faraazuddin,82.76,82.76,82.76,82.76,82.76,82.76,82.76
Asif Khan,177.42,177.42,177.42,177.42,177.42,177.42,177.42
D Foxcroft,111.11,111.11,111.11,111.11,111.11,111.11,111.11
GM Muthui,61.54,61.54,61.54,61.54,61.54,61.54,61.54
P Koech,72.73,72.73,72.73,72.73,72.73,72.73,72.73
Vishil Patel,35.0,35.0,35.0,35.0,35.0,35.0,35.0
Sachin Mandy,137.04,137.04,137.04,137.04,137.04,137.04,137.04
R Thapliyal,41.67,41.67,41.67,41.67,41.67,41.67,41.67
P Khari,191.67,191.67,191.67,191.67,191.67,191.67,191.67
Riaz Afridi,120.0,120.0,120.0,120.0,120.0,120.0,120.0
Danyal Raja,95.06,95.06,95.06,95.06,95.06,95.06,95.06
I Elec,100.0,100.0,100.0,100.0,100.0,100.0,100.0
J Coetzee,176.19,176.19,176.19,176.19,176.19,176.19,176.19
Thuya Aung,61.94,61.94,61.94,61.94,61.94,61.94,61.94
A Mongar,50.0,50.0,50.0,50.0,50.0,50.0,50.0
Sarawut Maliwan,37.78,37.78,37.78,37.78,37.78,37.78,37.78
Jaswinder Singh,83.08,83.08,83.08,83.08,83.08,83.08,83.08
DR Patankar,125.0,125.0,125.0,125.0,125.0,125.0,125.0
OB Nightingale,134.88,134.88,134.88,134.88,134.88,134.88,134.88
GH Smit,123.08,123.08,123.08,123.08,123.08,123.08,123.08
Sarfraz Butt,105.0,105.0,105.0,105.0,105.0,105.0,105.0
Shakeel Ahmed,114.45,115.12,114.45,114.45,0.0,114.45,114.45
Muhammad Jabir,19.05,19.05,19.05,19.05,19.05,19.05,19.05
S Mathur,100.0,100.0,100.0,100.0,100.0,100.0,100.0
Niaz Ali,100.0,100.0,100.0,100.0,100.0,100.0,100.0
Arafat Minhas,100.0,100.0,100.0,100.0,100.0,100.0,100.0
Sufiyan Muqeem,105.88,112.5,105.88,105.88,0.0,105.88,105.88
Saif Hassan,96.15,100.0,96.15,96.15,96.15,96.15,66.67
Jaker Ali,155.87,156.17,83.33,216.67,155.87,155.87,155.87
T Lungameni,145.45,145.45,145.45,145.45,145.45,145.45,145.45
A Chaudhary,88.89,88.89,88.89,88.89,88.89,88.89,88.89
R Kalimuthu,100.0,100.0,100.0,100.0,100.0,100.0,100.0
Nimish Lathief,112.82,112.82,112.82,112.82,112.82,112.82,112.82
Lakshit Gupta,170.73,170.73,170.73,170.73,170.73,170.73,170.73
E Beukes,164.43,164.43,164.43,164.43,164.43,164.43,164.43
Shah Abrar Hussain,118.6,118.6,118.6,118.6,118.6,118.6,118.6
Prasad Anish,48.28,48.28,48.28,48.28,48.28,48.28,48.28
Luqman Butt,196.47,196.47,196.47,196.47,196.47,196.47,196.47
GC Murtaza,118.18,118.18,118.18,118.18,118.18,118.18,118.18
Sivakumar,38.46,38.46,38.46,38.46,38.46,38.46,38.46
RR Sharan,91.67,91.67,91.67,91.67,91.67,91.67,91.67
KD Kesuma,186.79,186.79,186.79,186.79,186.79,186.79,186.79
US Hathinjar,129.41,129.41,129.41,129.41,129.41,129.41,129.41
P Sharma,145.0,145.0,145.0,145.0,145.0,145.0,145.0
Vraj Patel,58.82,58.82,58.82,58.82,58.82,58.82,58.82
Azyan Farhath,122.11,122.11,122.11,122.11,122.11,122.11,122.11
JM Sharma,150.0,153.06,150.0,150.0,0.0,150.0,150.0
MW Short,169.57,176.19,100.0,169.57,169.57,169.57,169.57
F Mutua,111.11,111.11,111.11,111.11,111.11,111.11,111.11
T Gwandu,83.33,83.33,83.33,83.33,83.33,83.33,83.33
GY Prastama,69.23,69.23,69.23,69.23,69.23,69.23,69.23
AA Rahayu,85.59,85.59,85.59,85.59,85.59,85.59,85.59
BV Sears,72.41,82.61,25.0,72.41,50.0,72.41,72.41
Rishad Hossain,117.39,115.66,220.0,33.33,117.39,117.39,0.0
Tanvir Islam,70.59,70.59,70.59,70.59,70.59,70.59,70.59
Abbas Afridi,125.81,125.81,125.81,125.81,125.81,125.81,125.81
BJ Bennett,171.25,178.57,171.25,120.0,171.25,171.25,171.25
Sahibzada Farhan,140.91,157.89,140.91,140.91,140.91,50.0,0.0
S Godara,180.0,180.0,180.0,180.0,180.0,180.0,180.0
Luo Shilin,18.18,18.18,18.18,18.18,18.18,18.18,18.18
Tashi Phuntsho,94.0,94.0,94.0,94.0,94.0,94.0,94.0
N Chejay,97.37,97.37,97.37,97.37,97.37,97.37,97.37
Namgay Thinley,64.86,64.86,64.86,64.86,64.86,64.86,64.86
A Kaul,153.33,153.33,153.33,153.33,153.33,153.33,153.33
R Sharma,163.93,163.93,163.93,163.93,163.93,163.93,163.93
Ismail Ali,111.11,111.11,111.11,111.11,111.11,111.11,111.11
Salvin Stanly,129.03,129.03,129.03,129.03,129.03,129.03,129.03
S Banamali,69.23,69.23,69.23,69.23,69.23,69.23,69.23
K Kato-Stafford,134.48,134.48,134.48,134.48,134.48,134.48,134.48
Waji Ul Hassan,161.4,161.4,161.4,161.4,161.4,161.4,161.4
DK Shetty,110.53,110.53,110.53,110.53,110.53,110.53,110.53
GD Arta,97.09,97.09,97.09,97.09,97.09,97.09,97.09
AV Lazarus,166.67,166.67,166.67,166.67,166.67,166.67,166.67
C Hinze,108.33,108.33,108.33,108.33,108.33,108.33,108.33
Utkarsh Jain,98.36,98.36,98.36,98.36,98.36,98.36,98.36
Usman Khalid,115.79,115.79,115.79,115.79,115.79,115.79,115.79
N Nuntarach,46.88,46.88,46.88,46.88,46.88,46.88,46.88
Y Saranonnakkun,123.33,123.33,123.33,123.33,123.33,123.33,123.33
Shenjian Zheng,171.43,171.43,171.43,171.43,171.43,171.43,171.43
Ateeq Iqbal,70.83,70.83,70.83,70.83,70.83,70.83,70.83
Shaof Hassan,160.0,160.0,160.0,160.0,160.0,160.0,160.0
M Thurgate,130.77,130.77,130.77,130.77,130.77,130.77,130.77
Deng Jinqi,93.33,93.33,93.33,93.33,93.33,93.33,93.33
SA Engelbrecht,145.28,145.28,145.28,145.28,145.28,145.28,145.28
Pratis GC,63.64,63.64,63.64,63.64,63.64,63.64,63.64
Shahzaib Jamil,168.75,168.75,168.75,168.75,168.75,168.75,168.75
Amir Farooq,105.45,105.45,105.45,105.45,105.45,105.45,105.45
M Levitt,174.07,174.07,174.07,174.07,174.07,174.07,174.07
A Dutt,113.7,113.7,113.7,113.7,113.7,113.7,113.7
Vikramjit Singh,215.38,215.38,215.38,215.38,215.38,215.38,215.38
Khalid Kail,121.28,121.28,121.28,121.28,121.28,121.28,121.28
J Jarvis,100.0,69.23,100.0,100.0,233.33,100.0,100.0
TL Cutler,122.22,122.22,122.22,122.22,122.22,122.22,122.22
J Dickinson,107.69,107.69,107.69,107.69,107.69,107.69,107.69
Zuhaib Zubair,140.38,140.38,140.38,140.38,140.38,140.38,140.38
BJ Currie,60.0,60.0,60.0,60.0,60.0,60.0,60.0
Zubaidi Zulkifle,50.0,50.0,50.0,50.0,50.0,50.0,50.0
Ahmed Aqeel,144.38,144.38,144.38,144.38,144.38,144.38,144.38
T Musekiwa,145.11,148.06,145.11,50.0,145.11,145.11,145.11
DO Leicher,106.45,106.45,106.45,106.45,106.45,106.45,106.45
GJ van Rensburg,143.75,143.75,143.75,143.75,143.75,143.75,143.75
S Fouché,109.52,109.52,109.52,109.52,109.52,109.52,109.52
JT Brassell,58.33,58.33,58.33,58.33,58.33,58.33,58.33
G Van Heerden,280.0,280.0,280.0,280.0,280.0,280.0,280.0
L Botha,206.25,206.25,206.25,206.25,206.25,206.25,206.25
JC Balt,80.77,80.77,80.77,80.77,80.77,80.77,80.77
R Obuya,200.0,200.0,200.0,200.0,200.0,200.0,200.0
T Marumani,134.78,134.78,134.78,134.78,134.78,134.78,134.78
Milind Kumar,116.42,116.42,116.42,116.42,116.42,116.42,116.42
AGS Gous,164.29,148.0,164.29,164.29,164.29,164.29,300.0
SC van Schalkwyk,135.94,137.1,100.0,135.94,135.94,135.94,135.94
Harmeet Singh,163.0,163.33,50.0,163.0,163.0,163.0,187.5
DS Bajwa,187.5,187.5,187.5,187.5,187.5,187.5,187.5
Nazmus Sakib,81.25,81.25,81.25,81.25,81.25,81.25,81.25
Syed Haider,139.58,139.58,139.58,139.58,139.58,139.58,139.58
W Perchard,115.0,115.0,115.0,115.0,115.0,115.0,115.0
Pratik Singh Bais,55.1,55.1,55.1,55.1,55.1,55.1,55.1
S Pillai,95.65,95.65,95.65,95.65,95.65,95.65,95.65
D Ganesh,65.22,65.22,65.22,65.22,65.22,65.22,65.22
R Ankad,88.24,88.24,88.24,88.24,88.24,88.24,88.24
Shoaib Rafiq,118.92,118.92,118.92,118.92,118.92,118.92,118.92
RR Saun,54.55,54.55,54.55,54.55,54.55,54.55,54.55
S Ravikumar,155.56,155.56,155.56,155.56,155.56,155.56,155.56
DV Devjani Mutreja,38.46,38.46,38.46,38.46,38.46,38.46,38.46
A Tripathi,13.33,13.33,13.33,13.33,13.33,13.33,13.33
PS Athavale,150.0,150.0,150.0,150.0,150.0,150.0,150.0
Irfan Khan,168.42,169.64,168.42,168.42,100.0,168.42,168.42
JA Clarkson,141.94,126.09,233.33,160.0,141.94,141.94,141.94
S Rungrueang,84.48,84.48,84.48,84.48,84.48,84.48,84.48
MK Thakur,132.2,132.2,132.2,132.2,132.2,132.2,132.2
W Ngowhuad,16.67,16.67,16.67,16.67,16.67,16.67,16.67
Tanzid Hasan,137.04,137.04,137.04,137.04,137.04,137.04,137.04
J Campbell,147.83,154.55,147.83,147.83,147.83,0.0,147.83
A Kalasi,107.69,107.69,107.69,107.69,107.69,107.69,107.69
Gaurav Tiwari,86.54,86.54,86.54,86.54,86.54,86.54,86.54
KH Abe,216.67,216.67,216.67,216.67,216.67,216.67,216.67
B Ito-Davis,145.45,145.45,145.45,145.45,145.45,145.45,145.45
Zaheer Zahiri,131.58,131.58,131.58,131.58,131.58,131.58,131.58
C Roberts,133.82,133.82,133.82,133.82,133.82,133.82,133.82
Kamran Ahmadzai,190.32,190.32,190.32,190.32,190.32,190.32,190.32
Tanzim Hasan Sakib,113.33,112.0,175.0,113.33,113.33,113.33,0.0
A Kadowaki Fleming,207.41,207.41,207.41,207.41,207.41,207.41,207.41
T Amarmend,42.42,42.42,42.42,42.42,42.42,42.42,42.42
O Lutbayar,78.12,78.12,78.12,78.12,78.12,78.12,78.12
T Tumursukh,24.0,24.0,24.0,24.0,24.0,24.0,24.0
M Vivekanandan,76.47,76.47,76.47,76.47,76.47,76.47,76.47
Z Shurentsetseg,26.32,26.32,26.32,26.32,26.32,26.32,26.32
Waqas Ali,57.89,57.89,57.89,57.89,57.89,57.89,57.89
F Khaliq,133.33,133.33,133.33,133.33,133.33,133.33,133.33
Zaki Ul Hassan,109.09,109.09,109.09,109.09,109.09,109.09,109.09
Jakob Gul,107.55,107.55,107.55,107.55,107.55,107.55,107.55
Isa Zaroo,131.58,131.58,131.58,131.58,131.58,131.58,131.58
KA Vimlesh,73.68,73.68,73.68,73.68,73.68,73.68,73.68
C Pyle,188.24,188.24,188.24,188.24,188.24,188.24,188.24
MD Patel,192.68,200.0,192.68,192.68,192.68,50.0,192.68
NP Kenjige,45.0,45.0,45.0,45.0,45.0,45.0,45.0
MW Forde,177.5,184.21,177.5,177.5,0.0,100.0,177.5
G Motie,115.07,129.23,0.0,115.07,0.0,115.07,115.07
OEG Baartman,54.55,61.11,0.0,54.55,54.55,54.55,50.0
N Peter,121.74,152.94,33.33,121.74,121.74,121.74,121.74
PE Kruger,96.55,96.55,96.55,96.55,96.55,96.55,96.55
MB Kruger,123.33,123.33,123.33,123.33,123.33,123.33,123.33
M Pathirana,41.18,42.86,33.33,41.18,41.18,41.18,41.18
JA Burns,240.0,240.0,240.0,240.0,240.0,240.0,240.0
Amal Jacob,75.47,75.47,75.47,75.47,75.47,75.47,75.47
Danyal Akbar,100.0,100.0,100.0,100.0,100.0,100.0,100.0
M Jansen,193.75,188.37,240.0,193.75,193.75,193.75,193.75
L Ward,122.22,122.22,122.22,122.22,122.22,122.22,122.22
Karanbir Singh,128.0,128.0,128.0,128.0,128.0,128.0,128.0
Waqar Zalmai,131.58,131.58,131.58,131.58,131.58,131.58,131.58
Amar Naeem,126.92,126.92,126.92,126.92,126.92,126.92,126.92
Baseer Khan,160.78,160.78,160.78,160.78,160.78,160.78,160.78
Rameez Khan,127.27,127.27,127.27,127.27,127.27,127.27,127.27
Ali Hussain,85.71,85.71,85.71,85.71,85.71,85.71,85.71
E Bhonkar,36.36,36.36,36.36,36.36,36.36,36.36,36.36
Y Divekar,72.22,72.22,72.22,72.22,72.22,72.22,72.22
Virendra Kumar,115.79,115.79,115.79,115.79,115.79,115.79,115.79
JAM Henri,122.58,122.58,122.58,122.58,122.58,122.58,122.58
Muhammad Moiz,183.33,183.33,183.33,183.33,183.33,183.33,183.33
Zafer Durmaz,165.0,165.0,165.0,165.0,165.0,165.0,165.0
Muhammad Burhan,104.44,104.44,104.44,104.44,104.44,104.44,104.44
I Asif,160.0,160.0,160.0,160.0,160.0,160.0,160.0
Bilal Zalmai,152.63,152.63,152.63,152.63,152.63,152.63,152.63
H Dandapani,113.33,113.33,113.33,113.33,113.33,113.33,113.33
Taranjit Singh,240.26,240.26,240.26,240.26,240.26,240.26,240.26
A Shahi,184.44,184.44,184.44,184.44,184.44,184.44,184.44
S Gooch,180.43,188.64,180.43,0.0,180.43,180.43,180.43
Aditya Panwar,127.78,127.78,127.78,127.78,127.78,127.78,127.78
S Burdekin,96.88,96.88,96.88,96.88,96.88,96.88,96.88
MPGT Ketiyage,139.39,139.39,139.39,139.39,139.39,139.39,139.39
R Siriwardena,72.73,72.73,72.73,72.73,72.73,72.73,72.73
B Mahesh,160.0,160.0,160.0,160.0,160.0,160.0,160.0
P Gheewala,100.0,100.0,100.0,100.0,100.0,100.0,100.0
Kamal Raiz,50.0,50.0,50.0,50.0,50.0,50.0,50.0
M Dale-Bradley,83.33,83.33,83.33,83.33,83.33,83.33,83.33
C Forshaw,78.26,78.26,78.26,78.26,78.26,78.26,78.26
A Limdawala,126.92,126.92,126.92,126.92,126.92,126.92,126.92
Yves Cyusa,72.5,72.5,72.5,72.5,72.5,72.5,72.5
SZ Vayani,106.4,106.4,106.4,106.4,106.4,106.4,106.4
M Stanikzai,121.21,121.21,121.21,121.21,121.21,121.21,121.21
ZXM Vukusic,150.0,150.0,150.0,150.0,150.0,150.0,150.0
M Grzinic,72.73,72.73,72.73,72.73,72.73,72.73,72.73
PS Roberts,117.24,117.24,117.24,117.24,117.24,117.24,117.24
Merwais Shinwari,23.08,23.08,23.08,23.08,23.08,23.08,23.08
LW Potthoff,50.0,50.0,50.0,50.0,50.0,50.0,50.0
KJ Ferrary,142.86,142.86,142.86,142.86,142.86,142.86,142.86
Mandeep Singh,127.27,127.27,127.27,127.27,127.27,127.27,127.27
R Parag,208.7,221.05,208.7,150.0,208.7,208.7,208.7
PHKD Mendis,138.81,160.0,37.5,138.81,138.81,138.81,50.0
C Wickramasinghe,127.27,127.27,127.27,127.27,127.27,127.27,127.27
A Sathyan,90.91,90.91,90.91,90.91,90.91,90.91,90.91
A Magdalenic,52.0,52.0,52.0,52.0,52.0,52.0,52.0
V Pulibanti,57.14,57.14,57.14,57.14,57.14,57.14,57.14
S Houghton,33.33,33.33,33.33,33.33,33.33,33.33,33.33
K Kekez,50.0,50.0,50.0,50.0,50.0,50.0,50.0
A Davidson Soler,94.29,94.29,94.29,94.29,94.29,94.29,94.29
HB Dickson,250.0,250.0,250.0,250.0,250.0,250.0,250.0
A Ilaoa,107.69,107.69,107.69,107.69,107.69,107.69,107.69
Noah Mead,66.67,66.67,66.67,66.67,66.67,66.67,66.67
J Cama,176.92,176.92,176.92,176.92,176.92,176.92,176.92
P Dakainivanua,96.97,96.97,96.97,96.97,96.97,96.97,96.97
P Kotoisuva,136.36,136.36,136.36,136.36,136.36,136.36,136.36
JQK Moala,46.15,46.15,46.15,46.15,46.15,46.15,46.15
D Visser,219.7,219.7,219.7,219.7,219.7,219.7,219.7
A Sokovagone,178.57,178.57,178.57,178.57,178.57,178.57,178.57
AJA Samuels,52.38,52.38,52.38,52.38,52.38,52.38,52.38
T Wuatai,40.91,40.91,40.91,40.91,40.91,40.91,40.91
J Chialoufas,183.33,183.33,183.33,183.33,183.33,183.33,183.33
V Khanduri,25.0,25.0,25.0,25.0,25.0,25.0,25.0
Ali Rasool,38.46,38.46,38.46,38.46,38.46,38.46,38.46
Muhammad Umar,138.82,138.82,138.82,138.82,138.82,138.82,138.82
D Kegasitswe,45.45,45.45,45.45,45.45,45.45,45.45,45.45
K Mothlhanka,150.0,150.0,150.0,150.0,150.0,150.0,150.0
H Pragji,76.92,76.92,76.92,76.92,76.92,76.92,76.92
Saeed Ahmed,175.68,175.68,175.68,175.68,175.68,175.68,175.68
Samiullah Rahmani,178.82,178.82,178.82,178.82,178.82,178.82,178.82
Adnan Ilyas,123.08,123.08,123.08,123.08,123.08,123.08,123.08
Sufyan Mehmood,83.56,83.56,83.56,83.56,83.56,83.56,83.56
KT Maphaka,79.17,79.17,79.17,79.17,79.17,79.17,79.17
Rahat Ali,113.64,113.64,113.64,113.64,113.64,113.64,113.64
S Chaudhary,40.0,40.0,40.0,40.0,40.0,40.0,40.0
NM Salonen,190.91,190.91,190.91,190.91,190.91,190.91,190.91
E Kuchey,62.5,62.5,62.5,62.5,62.5,62.5,62.5
Samader Shadab,133.33,133.33,133.33,133.33,133.33,133.33,133.33
S Vasilakis,50.0,50.0,50.0,50.0,50.0,50.0,50.0
M Vandrasi,158.33,158.33,158.33,158.33,158.33,158.33,158.33
N Katechis,20.0,20.0,20.0,20.0,20.0,20.0,20.0
Zeerak Chughtai,102.44,102.44,102.44,102.44,102.44,102.44,102.44
Huzaif Yousuf,88.89,88.89,88.89,88.89,88.89,88.89,88.89
M Worndl,92.86,92.86,92.86,92.86,92.86,92.86,92.86
Muhammad Tahir,27.27,27.27,27.27,27.27,27.27,27.27,27.27
R Dianish,70.0,70.0,70.0,70.0,70.0,70.0,70.0
S Cotter,126.09,126.09,126.09,126.09,126.09,126.09,126.09
A Parima,115.38,115.38,115.38,115.38,115.38,115.38,115.38
JL Tutty,57.14,57.14,57.14,57.14,57.14,57.14,57.14
OE Taylor,57.58,57.58,57.58,57.58,57.58,57.58,57.58
DE Burgess,64.29,64.29,64.29,64.29,64.29,64.29,64.29
SM Nash,90.91,90.91,90.91,90.91,90.91,90.91,90.91
BA Viraliliu,127.27,127.27,127.27,127.27,127.27,127.27,127.27
NRJ Croes,159.21,159.21,159.21,159.21,159.21,159.21,159.21
Akhil Kumar,128.12,128.12,128.12,128.12,128.12,128.12,128.12
K Klein,85.71,85.71,85.71,85.71,85.71,85.71,85.71
Shayan Jahangir,196.36,196.36,196.36,196.36,196.36,196.36,196.36
Adnan Idrees,27.27,27.27,27.27,27.27,27.27,27.27,27.27
GPK Wijesingha,138.89,138.89,138.89,138.89,138.89,138.89,138.89
Mohamed Shiyam,120.0,120.0,120.0,120.0,120.0,120.0,120.0
Khin Aye,58.57,58.57,58.57,58.57,58.57,58.57,58.57
Ziaur Rehman,123.53,123.53,123.53,123.53,123.53,123.53,123.53
Pyae Phyo Wai,130.0,130.0,130.0,130.0,130.0,130.0,130.0
JJ Davidson,70.0,70.0,70.0,70.0,70.0,70.0,70.0
Myat Thu Aung,56.82,56.82,56.82,56.82,56.82,56.82,56.82
C Green,129.73,133.33,129.73,129.73,100.0,129.73,129.73
XC Bartlett,104.55,88.24,160.0,104.55,104.55,104.55,104.55
J Overton,110.34,116.67,100.0,110.34,50.0,110.34,110.34
JG Bethell,192.31,193.75,192.31,192.31,100.0,192.31,192.31
MJ Humphreys,90.0,57.14,90.0,90.0,166.67,90.0,90.0
MP Breetzke,103.85,103.85,103.85,103.85,103.85,103.85,103.85
M Choamba,79.63,79.63,79.63,79.63,79.63,79.63,79.63
L Berthe,90.91,90.91,90.91,90.91,90.91,90.91,90.91
F Baleri,90.0,90.0,90.0,90.0,90.0,90.0,90.0
L Monanthane,50.0,50.0,50.0,50.0,50.0,50.0,50.0
V Jayant,80.0,80.0,80.0,80.0,80.0,80.0,80.0
LS Barkania,45.0,45.0,45.0,45.0,45.0,45.0,45.0
P Zuze,81.67,81.67,81.67,81.67,81.67,81.67,81.67
N Tanner,117.07,117.07,117.07,117.07,117.07,117.07,117.07
AS Samra,123.53,123.53,123.53,123.53,123.53,123.53,123.53
J Tuffin,134.04,134.04,134.04,134.04,134.04,134.04,134.04
Aamir Lal,73.91,73.91,73.91,73.91,73.91,73.91,73.91
S Maduranga,72.37,72.37,72.37,72.37,72.37,72.37,72.37
Rhys Burinaga,100.0,100.0,100.0,100.0,100.0,100.0,100.0
Fazil Muhammad,60.87,60.87,60.87,60.87,60.87,60.87,60.87
Jun Hyunwoo,53.85,53.85,53.85,53.85,53.85,53.85,53.85
Alam Nakash,150.0,150.0,150.0,150.0,150.0,150.0,150.0
A Donovan,164.0,121.43,164.0,164.0,164.0,164.0,387.5
SR Mukkamalla,132.14,132.14,132.14,132.14,132.14,132.14,132.14
AA Paradkar,123.08,123.08,123.08,123.08,123.08,123.08,123.08
R Chopra,166.36,166.36,166.36,166.36,166.36,166.36,166.36
S Joseph,147.37,164.29,100.0,147.37,147.37,147.37,147.37
RW Hartley,42.86,42.86,42.86,42.86,42.86,42.86,42.86
Kawsar Khan,133.33,133.33,133.33,133.33,133.33,133.33,133.33
Yasar Haroon,143.75,143.75,143.75,143.75,143.75,143.75,143.75
MFI Assuncao,138.46,138.46,138.46,138.46,138.46,138.46,138.46
CC Machado,35.0,35.0,35.0,35.0,35.0,35.0,35.0
G Oliveira,64.29,64.29,64.29,64.29,64.29,64.29,64.29
LK Sharma,71.43,71.43,71.43,71.43,71.43,71.43,71.43
R Galgalikar,85.71,85.71,85.71,85.71,85.71,85.71,85.71
Luis Hermida,121.43,121.43,121.43,121.43,121.43,121.43,121.43
Tshering Tashi,53.66,53.66,53.66,53.66,53.66,53.66,53.66
FFJ Heo,50.0,50.0,50.0,50.0,50.0,50.0,50.0
DGAPD Wiswi,69.57,69.57,69.57,69.57,69.57,69.57,69.57
AP Yadav,124.0,124.0,124.0,124.0,124.0,124.0,124.0
S Gill,177.94,177.94,177.94,177.94,177.94,177.94,177.94
Jobayer Hossen,50.0,50.0,50.0,50.0,50.0,50.0,50.0
S Rukmal,30.77,30.77,30.77,30.77,30.77,30.77,30.77
Abubacarr Kuyateh,143.75,143.75,143.75,143.75,143.75,143.75,143.75
B Balala,64.0,64.0,64.0,64.0,64.0,64.0,64.0
D Gumyusenge,111.67,111.67,111.67,111.67,111.67,111.67,111.67
K Thuchila,16.67,16.67,16.67,16.67,16.67,16.67,16.67
SG Mangela,252.94,252.94,252.94,252.94,252.94,252.94,252.94
A Simelane,150.0,71.43,260.0,150.0,150.0,150.0,150.0
ZGF Foulkes,140.0,122.73,209.09,140.0,140.0,140.0,140.0
Hammad Mirza,165.0,146.88,166.67,165.0,165.0,165.0,280.0
Hein Zin Aung,0.0,0.0,0.0,0.0,0.0,0.0,0.0
Jahandad Khan,85.0,85.0,85.0,85.0,85.0,85.0,85.0
KK Lin Thu,72.73,72.73,72.73,72.73,72.73,72.73,72.73
N Salekar,103.7,103.7,103.7,103.7,103.7,103.7,103.7
M Chadha,197.92,197.92,197.92,197.92,197.92,197.92,197.92
D Parashar,129.57,133.03,66.67,129.57,129.57,129.57,129.57
NT Gireesh,78.26,78.26,78.26,78.26,78.26,78.26,78.26
M Kasselman,95.83,95.83,95.83,95.83,95.83,95.83,95.83
R Sandeep,84.62,84.62,84.62,84.62,84.62,84.62,84.62
Y Jalloh,114.29,114.29,114.29,114.29,114.29,114.29,114.29
AR Leo,110.0,110.0,110.0,110.0,110.0,110.0,110.0
M Khojbariya,138.1,138.1,138.1,138.1,138.1,138.1,138.1
B Isaac,66.67,66.67,66.67,66.67,66.67,66.67,66.67
A Yon,141.67,141.67,141.67,141.67,141.67,141.67,141.67
Tayyab Tahir,172.22,172.22,172.22,172.22,172.22,172.22,172.22
KY Wilfried,28.57,28.57,28.57,28.57,28.57,28.57,28.57
QF Djakaridja,0.0,0.0,0.0,0.0,0.0,0.0,0.0
AK Roger,27.27,27.27,27.27,27.27,27.27,27.27,27.27
TT Maposa,113.04,113.33,100.0,113.04,113.04,113.04,113.04
A Mustafa,121.74,121.74,121.74,121.74,121.74,121.74,121.74
Santiago Iturbe,57.14,57.14,57.14,57.14,57.14,57.14,57.14
Saim Ayub,151.72,151.72,151.72,151.72,151.72,151.72,151.72
M Raikes,157.69,157.69,157.69,157.69,157.69,157.69,157.69
S Koppolu,147.27,147.27,147.27,147.27,147.27,147.27,147.27
Saeed Waqar Ali,44.44,44.44,44.44,44.44,44.44,44.44,44.44
MJ Hay,190.91,147.06,190.91,340.0,190.91,190.91,190.91
WIA Fernando,76.47,78.57,76.47,76.47,76.47,66.67,76.47
Rudolph Fox,89.8,89.8,89.8,89.8,89.8,89.8,89.8
R Poojary,63.64,63.64,63.64,63.64,63.64,63.64,63.64
PK Mohanarangam,96.0,96.0,96.0,96.0,96.0,96.0,96.0
Y Jasti,33.33,33.33,33.33,33.33,33.33,33.33,33.33
A Oxley,61.54,61.54,61.54,61.54,61.54,61.54,61.54
Jonte Smith,64.29,64.29,64.29,64.29,64.29,64.29,64.29
YP Dayal,95.65,95.65,95.65,95.65,95.65,95.65,95.65
XSD Smith,105.26,105.26,105.26,105.26,105.26,105.26,105.26
RA Sealy,95.65,95.65,95.65,95.65,95.65,95.65,95.65
AR Naidoo,193.75,193.75,193.75,193.75,193.75,193.75,193.75
R Walker,62.5,62.5,62.5,62.5,62.5,62.5,62.5
ROC Dunka,90.38,90.38,90.38,90.38,90.38,90.38,90.38
S Foster,115.38,115.38,115.38,115.38,115.38,115.38,115.38
Khandubhai Ahir,33.33,33.33,33.33,33.33,33.33,33.33,33.33
R Davson,75.86,75.86,75.86,75.86,75.86,75.86,75.86
A Harris,54.55,54.55,54.55,54.55,54.55,54.55,54.55
LH Rodrigues,108.33,108.33,108.33,108.33,108.33,108.33,108.33
K Jaikaran,92.31,92.31,92.31,92.31,92.31,92.31,92.31
P Suman Bhai Ahir,46.67,46.67,46.67,46.67,46.67,46.67,46.67
DK Dahyabhai Ahir,70.73,70.73,70.73,70.73,70.73,70.73,70.73
Praveen Santhanakrishnan,175.0,175.0,175.0,175.0,175.0,175.0,175.0
DG Weakley,52.63,52.63,52.63,52.63,52.63,52.63,52.63
Sohel Ebrahim Desai,81.82,81.82,81.82,81.82,81.82,81.82,81.82
Sanjay Kumar Ahir,63.16,63.16,63.16,63.16,63.16,63.16,63.16
R Avery,78.57,78.57,78.57,78.57,78.57,78.57,78.57
V Shaw,44.44,44.44,44.44,44.44,44.44,44.44,44.44
V Hirlal,115.0,115.0,115.0,115.0,115.0,115.0,115.0
LF Muller,228.57,228.57,228.57,228.57,228.57,228.57,228.57
AAH Bhikari,18.18,18.18,18.18,18.18,18.18,18.18,18.18
J Baker,156.1,156.1,156.1,156.1,156.1,156.1,156.1
R Smith,25.0,25.0,25.0,25.0,25.0,25.0,25.0
Manuel Iturbe,160.0,160.0,160.0,160.0,160.0,160.0,160.0
L Maximo,51.43,51.43,51.43,51.43,51.43,51.43,51.43
J Gallimore,72.73,72.73,72.73,72.73,72.73,72.73,72.73
RJ Pierre,116.67,116.67,116.67,116.67,116.67,116.67,116.67
Selim Salau,138.1,138.1,138.1,138.1,138.1,138.1,138.1
I Niyomugabo,156.86,156.86,156.86,156.86,156.86,156.86,156.86
S Sarthak,133.33,133.33,133.33,133.33,133.33,133.33,133.33
Wasim Ali,158.33,158.33,158.33,158.33,158.33,158.33,158.33
V Shukla,160.67,161.74,0.0,160.67,160.67,160.67,160.67
Mujeeb-ur-Rehman,72.84,72.84,72.84,72.84,72.84,72.84,72.84
Muhammad Asim,166.67,166.67,166.67,166.67,166.67,166.67,166.67
Muhammad Jawadullah,75.0,75.0,75.0,75.0,75.0,75.0,75.0
Nawazish Akhtar,104.76,104.76,104.76,104.76,104.76,104.76,104.76
Firas Hussain,100.0,100.0,100.0,100.0,100.0,100.0,100.0
Abhishek Sharma,204.76,200.0,204.76,204.76,214.29,204.76,204.76
Muhammad Usman (3),136.84,136.84,136.84,136.84,136.84,136.84,136.84
MP Ainsworth,82.05,82.05,82.05,82.05,82.05,82.05,82.05
TV Valivarthi,109.09,109.09,109.09,109.09,109.09,109.09,109.09
Niyas Pullariyil,94.44,94.44,94.44,94.44,94.44,94.44,94.44
Arsalan Arif,56.52,56.52,56.52,56.52,56.52,56.52,56.52
H Khogiyani,104.76,104.76,104.76,104.76,104.76,104.76,104.76
Sobu George,141.67,141.67,141.67,141.67,141.67,141.67,141.67
A Alexander,220.0,220.0,220.0,220.0,220.0,220.0,220.0
Ubaid Minhas,116.67,116.67,116.67,116.67,116.67,116.67,116.67
J Ramanandi,125.93,100.0,240.0,125.93,125.93,125.93,125.93
Ali Sheikh,120.0,120.0,120.0,120.0,120.0,120.0,120.0
Ashish Gupta,63.64,63.64,63.64,63.64,63.64,63.64,63.64
PSRK Sudarshan,100.0,100.0,100.0,100.0,100.0,100.0,100.0
H Venkataram,122.73,122.73,122.73,122.73,122.73,122.73,122.73
Aslan Jafri,95.24,95.24,95.24,95.24,95.24,95.24,95.24
Abdul Samad,91.43,91.43,91.43,91.43,91.43,91.43,91.43
Agha Salman,126.19,121.62,126.19,266.67,126.19,126.19,114.29
Hassan Nawaz,159.65,159.65,159.65,159.65,159.65,159.65,159.65
K Tathgur,156.25,156.25,156.25,156.25,156.25,156.25,156.25
Faisal Raza,108.57,108.57,108.57,108.57,108.57,108.57,108.57
Vishal Sharma,76.92,76.92,76.92,76.92,76.92,76.92,76.92
R Hashu,136.96,136.96,136.96,136.96,136.96,136.96,136.96
U Shantu,131.25,131.25,131.25,131.25,131.25,131.25,131.25
Basir Ahamad,208.7,208.7,208.7,208.7,208.7,208.7,208.7
Kalhan Challu,141.67,141.67,141.67,141.67,141.67,141.67,141.67
Mohammad Abrar,72.73,72.73,72.73,72.73,72.73,72.73,72.73
Bipin Kumar,41.67,41.67,41.67,41.67,41.67,41.67,41.67
NT Rajendran,111.76,111.76,111.76,111.76,111.76,111.76,111.76
NK Yadav,269.57,269.57,269.57,269.57,269.57,269.57,269.57
D Panda,131.25,131.25,131.25,131.25,131.25,131.25,131.25
G Kuthalingham,58.33,58.33,58.33,58.33,58.33,58.33,58.33
R Johnson,50.0,50.0,50.0,50.0,50.0,50.0,50.0
O Sam Arthur,115.38,115.38,115.38,115.38,115.38,115.38,115.38
A Kuthalingham,108.33,108.33,108.33,108.33,108.33,108.33,108.33
M Turner,108.7,108.7,108.7,108.7,108.7,108.7,108.7
SP Krishnamurthi,148.57,148.57,148.57,148.57,148.57,148.57,148.57
R Edwards,40.0,40.0,40.0,40.0,40.0,40.0,40.0
Jaskaran Singh,194.23,194.23,194.23,194.23,194.23,194.23,194.23
Ali Nadeem,110.0,110.0,110.0,110.0,110.0,110.0,110.0
Shivam Sharma,184.62,184.62,184.62,184.62,184.62,184.62,184.62
Syed Faizan Tahir,70.0,70.0,70.0,70.0,70.0,70.0,70.0
G Gune,76.92,76.92,76.92,76.92,76.92,76.92,76.92
MA Sherry,118.75,118.75,118.75,118.75,118.75,118.75,118.75
C Sridev,127.27,127.27,127.27,127.27,127.27,127.27,127.27
Kashif Khan,11.76,11.76,11.76,11.76,11.76,11.76,11.76
P Thongsa,80.0,80.0,80.0,80.0,80.0,80.0,80.0
MJ Scotland,115.79,115.79,115.79,115.79,115.79,115.79,115.79
DPS Tyagi,136.84,136.84,136.84,136.84,136.84,136.84,136.84
Mehboob Ali,217.65,217.65,217.65,217.65,217.65,217.65,217.65
SB Patel,100.0,100.0,100.0,100.0,100.0,100.0,100.0
R Baruah,141.67,154.55,141.67,0.0,141.67,141.67,141.67
J Pickering,55.17,55.17,55.17,55.17,55.17,55.17,55.17
S Sugaya-Slater,84.62,84.62,84.62,84.62,84.62,84.62,84.62
Parvez Hossain Emon,164.71,164.71,164.71,164.71,164.71,164.71,164.71
Saghir Khan,155.88,155.88,155.88,155.88,155.88,155.88,155.88
Mansoor Safi,216.67,216.67,216.67,216.67,216.67,216.67,216.67
Hamid Safi,158.21,158.21,158.21,158.21,158.21,158.21,158.21
Rasheed Ali Mamadkhel,200.0,200.0,200.0,200.0,200.0,200.0,200.0
Sheraz Sirwari,188.24,188.24,188.24,188.24,188.24,188.24,188.24
H Deshan,86.67,86.67,86.67,86.67,86.67,86.67,86.67
Iftikhar Kankhel,64.29,64.29,64.29,64.29,64.29,64.29,64.29
C Nunes,130.77,130.77,130.77,130.77,130.77,130.77,130.77
OJ Herrington,128.57,128.57,128.57,128.57,128.57,128.57,128.57
WG Jacks,106.25,106.25,106.25,106.25,106.25,106.25,106.25
OJR Groves,218.18,218.18,218.18,218.18,218.18,218.18,218.18
D Matla,46.15,46.15,46.15,46.15,46.15,46.15,46.15
Madhawa Basnayaka,90.91,90.91,90.91,90.91,90.91,90.91,90.91
Jordan O'Brien,166.67,166.67,166.67,166.67,166.67,166.67,166.67
Shakeel Zeb,130.0,130.0,130.0,130.0,130.0,130.0,130.0
A Dhabe,54.55,54.55,54.55,54.55,54.55,54.55,54.55
AD Dore,110.0,110.0,110.0,110.0,110.0,110.0,110.0
KU Carty,250.0,250.0,250.0,250.0,250.0,250.0,250.0
L McCarthy,106.67,106.67,106.67,106.67,106.67,106.67,106.67
Saqib Zulfiqar,178.57,178.57,178.57,178.57,178.57,178.57,178.57
Rupesh Singh,148.48,148.48,148.48,148.48,148.48,148.48,148.48
K Thagunna,52.63,52.63,52.63,52.63,52.63,52.63,52.63
Ali Nawaz,157.14,157.14,157.14,157.14,157.14,157.14,157.14
Rizwan Zahoor,77.78,77.78,77.78,77.78,77.78,77.78,77.78
Dayal Joy,90.91,90.91,90.91,90.91,90.91,90.91,90.91
Khalid Niazi,100.0,100.0,100.0,100.0,100.0,100.0,100.0
BKB Corbin,122.22,122.22,122.22,122.22,122.22,122.22,122.22
Jamshid Nasiri,156.52,156.52,156.52,156.52,156.52,156.52,156.52
Rafiulah Alokozai,66.67,66.67,66.67,66.67,66.67,66.67,66.67
C Bosch,105.45,111.11,115.38,105.45,50.0,105.45,105.45
BJ Jacobs,121.43,121.43,121.43,121.43,121.43,121.43,121.43
TB Robinson,177.78,177.78,177.78,177.78,177.78,177.78,177.78
Kuldeep Gurjar,116.67,116.67,116.67,116.67,116.67,116.67,116.67
Bilal Ahmad Mir,120.93,120.93,120.93,120.93,120.93,120.93,120.93
Saurabh Kumar,25.0,25.0,25.0,25.0,25.0,25.0,25.0
K Babu,42.11,42.11,42.11,42.11,42.11,42.11,42.11
HMHE Parsons,227.27,227.27,227.27,227.27,227.27,227.27,227.27
Basharat Hussain,18.75,18.75,18.75,18.75,18.75,18.75,18.75
CJ Stamp,85.71,85.71,85.71,85.71,85.71,85.71,85.71
Lee Hyosin,53.85,53.85,53.85,53.85,53.85,53.85,53.85
Hasan Yanar,75.0,75.0,75.0,75.0,75.0,75.0,75.0
Serdar Burak Emir,133.33,133.33,133.33,133.33,133.33,133.33,133.33
J Wilson,216.67,216.67,216.67,216.67,216.67,216.67,216.67
Manan Bashir,410.0,410.0,410.0,410.0,410.0,410.0,410.0
MS Maker,167.35,167.35,167.35,167.35,167.35,167.35,167.35
A Augastin,137.5,137.5,137.5,137.5,137.5,137.5,137.5
Hassan Khan,159.26,159.26,159.26,159.26,159.26,159.26,159.26
V Jatinder Kumar,100.0,100.0,100.0,100.0,100.0,100.0,100.0
Acrey Hugo,76.92,76.92,76.92,76.92,76.92,76.92,76.92
Kazim Somani,102.78,102.78,102.78,102.78,102.78,102.78,102.78
Adil Khan,76.19,76.19,76.19,76.19,76.19,76.19,76.19
SY Nihute,136.36,136.36,136.36,136.36,136.36,136.36,136.36
D Brevis,150.0,145.45,150.0,150.0,250.0,150.0,150.0
S Muthusamy,121.43,130.77,121.43,121.43,0.0,121.43,121.43
Ahmed Daniyal,154.55,154.55,154.55,154.55,154.55,154.55,154.55
SH Venugopal,146.67,146.67,146.67,146.67,146.67,146.67,146.67
Kabir Berlia,195.0,195.0,195.0,195.0,195.0,195.0,195.0
Raghav Dhawan,147.62,147.62,147.62,147.62,147.62,147.62,147.62
Ethan D'Souza,109.52,109.52,109.52,109.52,109.52,109.52,109.52
AA Jimoh,64.29,64.29,64.29,64.29,64.29,64.29,64.29
C Tchale,36.36,36.36,36.36,36.36,36.36,36.36,36.36
Md Ariyan,161.11,161.11,161.11,161.11,161.11,161.11,161.11
Zeshan Arif,46.67,46.67,46.67,46.67,46.67,46.67,46.67
J Blades,38.46,22.22,38.46,38.46,75.0,38.46,38.46
Qateel Zabiullah,194.12,194.12,194.12,194.12,194.12,194.12,194.12
Idrees Ul Haque,118.18,118.18,118.18,118.18,118.18,118.18,118.18
Adam Senn,207.84,207.84,207.84,207.84,207.84,207.84,207.84
C Bevin,76.47,76.47,76.47,76.47,76.47,76.47,76.47
Saghar Manzoor,78.79,78.79,78.79,78.79,78.79,78.79,78.79
H Satheedevi,123.53,123.53,123.53,123.53,123.53,123.53,123.53
S Bevin,91.67,91.67,91.67,91.67,91.67,91.67,91.67
H Beresford-Peirse,70.0,70.0,70.0,70.0,70.0,70.0,70.0
A Razmilic,66.67,66.67,66.67,66.67,66.67,66.67,66.67
RD Rickelton,166.67,168.75,166.67,166.67,100.0,166.67,166.67
Ihsanullah Wafa,60.0,60.0,60.0,60.0,60.0,60.0,60.0
AA Senn,117.86,117.86,117.86,117.86,117.86,117.86,117.86
S Tharanga,100.0,100.0,100.0,100.0,100.0,100.0,100.0
KN Gabhane,97.14,97.14,97.14,97.14,97.14,97.14,97.14
Sojib Miah,166.67,166.67,166.67,166.67,166.67,166.67,166.67
N Tyagi,35.29,35.29,35.29,35.29,35.29,35.29,35.29
Ajhar Alam,45.45,45.45,45.45,45.45,45.45,45.45,45.45
Rohit Kumar,116.67,116.67,116.67,116.67,116.67,116.67,116.67
S Ramakrishnan,172.0,172.0,172.0,172.0,172.0,172.0,172.0
Avishka Iroshan,155.0,155.0,155.0,155.0,155.0,155.0,155.0
MADI Hemantha,126.67,126.67,126.67,126.67,126.67,126.67,126.67
K Mishara,220.0,220.0,220.0,220.0,220.0,220.0,220.0
H Jangariya,141.86,141.86,141.86,141.86,141.86,141.86,141.86
JJ Chicuele,73.68,77.78,73.68,73.68,0.0,73.68,73.68
MA Algi,85.71,85.71,85.71,85.71,85.71,85.71,85.71
DAM Louis,75.0,75.0,75.0,75.0,75.0,75.0,75.0
A Busing-Volschenk,162.5,162.5,162.5,162.5,162.5,162.5,162.5
H Kaushik,189.29,192.73,0.0,189.29,189.29,189.29,189.29
Harshit Rana,120.0,108.33,120.0,120.0,120.0,166.67,120.0
N Bidaisee,118.18,118.18,118.18,118.18,118.18,118.18,118.18
J Liyanage,110.42,110.42,110.42,110.42,110.42,110.42,110.42
SL Verma,275.0,275.0,275.0,275.0,275.0,275.0,275.0
JB Richards,50.0,50.0,50.0,50.0,50.0,50.0,50.0
N Hirani,172.73,172.73,172.73,172.73,172.73,172.73,172.73
Zubair Ali,150.0,150.0,150.0,150.0,150.0,150.0,150.0
SM Solia,150.0,150.0,150.0,150.0,150.0,150.0,150.0
JF Smith,107.69,107.69,107.69,107.69,107.69,107.69,107.69
Shah Faisal,64.29,64.29,64.29,64.29,64.29,64.29,64.29
Nadeem Khan,170.0,170.0,170.0,170.0,170.0,170.0,170.0
AR Bisht,121.43,121.43,121.43,121.43,121.43,121.43,121.43
Owais Ahmed,91.67,91.67,91.67,91.67,91.67,91.67,91.67
Zahid Ali,120.83,120.83,120.83,120.83,120.83,120.83,120.83
Esam Rahman,177.78,177.78,177.78,177.78,177.78,177.78,177.78
J Fernando,132.43,132.43,132.43,132.43,132.43,132.43,132.43
Irfan Safi,141.67,141.67,141.67,141.67,141.67,141.67,141.67
R Pisal,75.0,75.0,75.0,75.0,75.0,75.0,75.0
N Burger,53.85,63.64,0.0,53.85,53.85,53.85,53.85
K Krishnakumar,114.81,114.81,114.81,114.81,114.81,114.81,114.81
J Dowling,76.92,76.92,76.92,76.92,76.92,76.92,76.92
GF Cardos,33.33,33.33,33.33,33.33,33.33,33.33,33.33
Elias Tilman,5.26,5.26,5.26,5.26,5.26,5.26,5.26
Raihan Hossain,36.84,36.84,36.84,36.84,36.84,36.84,36.84
EDS Pimheiro,20.0,20.0,20.0,20.0,20.0,20.0,20.0
Suhail Sattar,93.75,93.75,93.75,93.75,93.75,93.75,93.75
SK Springer,165.22,175.0,165.22,165.22,165.22,142.86,165.22
D Mendonca,18.75,18.75,18.75,18.75,18.75,18.75,18.75
Nazmul Huda,69.23,69.23,69.23,69.23,69.23,69.23,69.23
Arif Hosen,10.0,10.0,10.0,10.0,10.0,10.0,10.0
Yahya Suhail,135.29,135.29,135.29,135.29,135.29,135.29,135.29
YK Rai,153.85,153.85,153.85,153.85,153.85,153.85,153.85
Muhammad Arfan,134.21,134.21,134.21,134.21,134.21,134.21,134.21
S Jegannathan,150.0,150.0,150.0,150.0,150.0,150.0,150.0
Naveena Shetty,227.27,227.27,227.27,227.27,227.27,227.27,227.27
Amir Khan,109.09,109.09,109.09,109.09,109.09,109.09,109.09
LG Moras,36.36,36.36,36.36,36.36,36.36,36.36,36.36
FC Muniz,32.0,32.0,32.0,32.0,32.0,32.0,32.0
O Isiyaku,33.33,33.33,33.33,33.33,33.33,33.33,33.33
JV Chand,141.89,141.89,141.89,141.89,141.89,141.89,141.89
Javid Patel,50.0,50.0,50.0,50.0,50.0,50.0,50.0
Soyeb Pendi,106.9,106.9,106.9,106.9,106.9,106.9,106.9
Shahnawaz Patel,126.19,126.19,126.19,126.19,126.19,126.19,126.19
Ayaz Dadabhai,129.73,129.73,129.73,129.73,129.73,129.73,129.73
K Boniface,44.44,44.44,44.44,44.44,44.44,44.44,44.44
Jakir Patel,200.0,200.0,200.0,200.0,200.0,200.0,200.0
Brima Ansumana,109.09,109.09,109.09,109.09,109.09,109.09,109.09
J Lassayo,78.57,78.57,78.57,78.57,78.57,78.57,78.57
Mohamed Turay,75.0,75.0,75.0,75.0,75.0,75.0,75.0
JF Bangura,36.36,36.36,36.36,36.36,36.36,36.36,36.36
M Yambayamba,53.85,53.85,53.85,53.85,53.85,53.85,53.85
Salman Patel,144.44,144.44,144.44,144.44,144.44,144.44,144.44
Tashi Dorji,150.0,150.0,150.0,150.0,150.0,150.0,150.0
Ibrahim Kpaka,94.44,94.44,94.44,94.44,94.44,94.44,94.44
A Awasthi,25.0,25.0,25.0,25.0,25.0,25.0,25.0
A Curavic,18.18,18.18,18.18,18.18,18.18,18.18,18.18
D Svilicic,33.33,33.33,33.33,33.33,33.33,33.33,33.33
Sajid Khan,29.03,29.03,29.03,29.03,29.03,29.03,29.03
Nirmaljit Singh,52.0,52.0,52.0,52.0,52.0,52.0,52.0
BF Calitz,151.85,151.85,151.85,151.85,151.85,151.85,151.85
P Rathnayake,146.15,150.0,146.15,146.15,100.0,146.15,146.15
